date,year,month,sudden-onset environmental disaster,environmental cooperation,environmental government initiatives,environmental security,environmental -999,environmental arrest,human-induced disaster,displacement,-999,environmental legal action,environmental opinion,slow-onset environmental disaster,environmental corruption,environmental crime,environmental legal change,environmental activism,environmental corporate initiatives,lethal environmental violence,environmental protests,nonlethal environmental violence,total_articles,total_from_source,total_label_events,total_local_docs,sudden-onset environmental disasterNorm,environmental cooperationNorm,environmental government initiativesNorm,environmental securityNorm,environmental -999Norm,environmental arrestNorm,human-induced disasterNorm,displacementNorm,-999Norm,environmental legal actionNorm,environmental opinionNorm,slow-onset environmental disasterNorm,environmental corruptionNorm,environmental crimeNorm,environmental legal changeNorm,environmental activismNorm,environmental corporate initiativesNorm,lethal environmental violenceNorm,environmental protestsNorm,nonlethal environmental violenceNorm
2012-01-01,2012,1,8,0,0,1,10,2,15,0,11,1,5,7,0,3,0,2,1,0,1,0,59,59,67,7086,0.0011289867344058,0.0,0.0,0.0001411233418007,0.0014112334180073,0.0002822466836014,0.002116850127011,0.0,0.001552356759808,0.0001411233418007,0.0007056167090036,0.0009878633926051,0.0,0.0004233700254022,0.0,0.0002822466836014,0.0001411233418007,0.0,0.0001411233418007,0.0
2012-02-01,2012,2,21,0,2,1,6,0,29,0,15,2,6,7,0,7,0,0,0,1,1,2,92,92,100,6607,0.0031784471015589,0.0,0.0003027092477675,0.0001513546238837,0.0009081277433025,0.0,0.004389284092629,0.0,0.0022703193582563,0.0003027092477675,0.0009081277433025,0.0010594823671863,0.0,0.0010594823671863,0.0,0.0,0.0,0.0001513546238837,0.0001513546238837,0.0003027092477675
2012-03-01,2012,3,16,0,1,0,15,0,29,0,17,0,7,8,0,0,1,1,0,1,0,1,84,84,97,6924,0.0023108030040439,0.0,0.0001444251877527,0.0,0.0021663778162911,0.0,0.0041883304448295,0.0,0.0024552281917966,0.0,0.0010109763142692,0.0011554015020219,0.0,0.0,0.0001444251877527,0.0001444251877527,0.0,0.0001444251877527,0.0,0.0001444251877527
2012-04-01,2012,4,10,0,0,0,18,1,21,0,14,3,6,3,1,5,0,1,0,0,0,2,76,76,85,6314,0.0015837820715869,0.0,0.0,0.0,0.0028508077288565,0.0001583782071586,0.0033259423503325,0.0,0.0022172949002217,0.000475134621476,0.0009502692429521,0.000475134621476,0.0001583782071586,0.0007918910357934,0.0,0.0001583782071586,0.0,0.0,0.0,0.0003167564143173
2012-05-01,2012,5,18,0,1,0,12,0,7,1,17,1,6,5,0,1,2,0,0,0,2,1,65,65,74,6269,0.0028712713351411,0.0,0.0001595150741745,0.0,0.0019141808900941,0.0,0.0011166055192215,0.0001595150741745,0.0027117562609666,0.0001595150741745,0.000957090445047,0.0007975753708725,0.0,0.0001595150741745,0.000319030148349,0.0,0.0,0.0,0.000319030148349,0.0001595150741745
2012-06-01,2012,6,19,0,1,1,7,0,16,0,13,1,9,9,0,1,1,0,2,0,0,2,68,68,82,5960,0.0031879194630872,0.0,0.0001677852348993,0.0001677852348993,0.0011744966442953,0.0,0.0026845637583892,0.0,0.0021812080536912,0.0001677852348993,0.0015100671140939,0.0015100671140939,0.0,0.0001677852348993,0.0001677852348993,0.0,0.0003355704697986,0.0,0.0,0.0003355704697986
2012-07-01,2012,7,29,0,2,0,17,0,27,0,25,0,22,14,0,0,0,1,0,0,1,0,121,121,138,5870,0.0049403747870528,0.0,0.0003407155025553,0.0,0.0028960817717206,0.0,0.0045996592844974,0.0,0.004258943781942,0.0,0.003747870528109,0.0023850085178875,0.0,0.0,0.0,0.0001703577512776,0.0,0.0,0.0001703577512776,0.0
2012-08-01,2012,8,12,0,0,0,4,0,16,2,15,0,5,16,0,4,0,0,0,0,1,1,67,67,76,5436,0.0022075055187637,0.0,0.0,0.0,0.0007358351729212,0.0,0.002943340691685,0.0003679175864606,0.0027593818984547,0.0,0.0009197939661515,0.002943340691685,0.0,0.0007358351729212,0.0,0.0,0.0,0.0,0.0001839587932303,0.0001839587932303
2012-09-01,2012,9,6,1,4,0,9,1,14,0,8,1,9,4,0,3,0,1,0,0,0,0,54,54,61,5914,0.0010145417653026,0.0001690902942171,0.0006763611768684,0.0,0.001521812647954,0.0001690902942171,0.0023672641190395,0.0,0.0013527223537368,0.0001690902942171,0.001521812647954,0.0006763611768684,0.0,0.0005072708826513,0.0,0.0001690902942171,0.0,0.0,0.0,0.0
2012-10-01,2012,10,13,0,0,0,11,0,20,1,13,0,9,6,1,1,2,1,0,0,1,1,72,72,80,7017,0.0018526435798774,0.0,0.0,0.0,0.0015676214906655,0.0,0.0028502208921191,0.0001425110446059,0.0018526435798774,0.0,0.0012825994014536,0.0008550662676357,0.0001425110446059,0.0001425110446059,0.0002850220892119,0.0001425110446059,0.0,0.0,0.0001425110446059,0.0001425110446059
2012-11-01,2012,11,16,0,3,1,5,0,9,1,14,0,10,7,2,3,0,0,1,0,0,2,64,64,74,6421,0.0024918237034729,0.0,0.0004672169444011,0.000155738981467,0.0007786949073353,0.0,0.0014016508332035,0.000155738981467,0.0021803457405388,0.0,0.0015573898146706,0.0010901728702694,0.0003114779629341,0.0004672169444011,0.0,0.0,0.000155738981467,0.0,0.0,0.0003114779629341
2012-12-01,2012,12,11,0,1,2,2,1,13,0,7,1,6,1,0,1,0,0,1,0,0,0,46,46,47,5923,0.0018571669761944,0.0,0.0001688333614722,0.0003376667229444,0.0003376667229444,0.0001688333614722,0.0021948336991389,0.0,0.0011818335303055,0.0001688333614722,0.0010130001688333,0.0001688333614722,0.0,0.0001688333614722,0.0,0.0,0.0001688333614722,0.0,0.0,0.0
2013-01-01,2013,1,22,1,0,0,8,0,8,0,9,0,11,4,0,0,0,1,0,0,0,0,60,60,64,6534,0.0033670033670033,0.000153045607591,0.0,0.0,0.0012243648607284,0.0,0.0012243648607284,0.0,0.0013774104683195,0.0,0.0016835016835016,0.0006121824303642,0.0,0.0,0.0,0.000153045607591,0.0,0.0,0.0,0.0
2013-02-01,2013,2,19,0,4,0,6,0,15,0,14,0,7,3,0,4,0,0,1,0,0,0,66,66,73,6164,0.0030824140168721,0.0,0.0006489292667099,0.0,0.0009733939000648,0.0,0.0024334847501622,0.0,0.0022712524334847,0.0,0.0011356262167423,0.0004866969500324,0.0,0.0006489292667099,0.0,0.0,0.0001622323166774,0.0,0.0,0.0
2013-03-01,2013,3,37,1,0,0,8,1,15,0,20,0,3,4,0,0,1,0,0,0,0,0,82,82,90,6194,0.0059735227639651,0.0001614465611882,0.0,0.0,0.0012915724895059,0.0001614465611882,0.0024216984178237,0.0,0.0032289312237649,0.0,0.0004843396835647,0.0006457862447529,0.0,0.0,0.0001614465611882,0.0,0.0,0.0,0.0,0.0
2013-04-01,2013,4,42,0,1,1,8,0,8,0,13,0,9,16,0,4,0,1,0,0,5,1,97,97,109,6083,0.0069044879171461,0.0,0.0001643925694558,0.0001643925694558,0.0013151405556468,0.0,0.0013151405556468,0.0,0.0021371034029261,0.0,0.0014795331251027,0.0026302811112937,0.0,0.0006575702778234,0.0,0.0001643925694558,0.0,0.0,0.0008219628472793,0.0001643925694558
2013-05-01,2013,5,28,0,1,0,5,0,11,1,10,1,10,6,0,0,4,0,1,0,0,0,71,71,78,5603,0.004997322862752,0.0,0.0001784758165268,0.0,0.0008923790826343,0.0,0.0019632339817954,0.0001784758165268,0.0017847581652686,0.0001784758165268,0.0017847581652686,0.0010708548991611,0.0,0.0,0.0007139032661074,0.0,0.0001784758165268,0.0,0.0,0.0
2013-06-01,2013,6,74,0,1,1,11,0,24,11,61,1,20,14,1,0,1,1,0,0,2,0,209,209,223,5767,0.0128316282295821,0.0,0.0001734003814808,0.0001734003814808,0.0019074041962892,0.0,0.0041616091555401,0.0019074041962892,0.0105774232703311,0.0001734003814808,0.0034680076296167,0.0024276053407317,0.0001734003814808,0.0,0.0001734003814808,0.0001734003814808,0.0,0.0,0.0003468007629616,0.0
2013-07-01,2013,7,33,1,2,0,9,0,13,2,13,1,8,4,0,0,1,0,0,0,0,0,78,78,87,5586,0.005907626208378,0.0001790189760114,0.0003580379520229,0.0,0.0016111707841031,0.0,0.0023272466881489,0.0003580379520229,0.0023272466881489,0.0001790189760114,0.0014321518080916,0.0007160759040458,0.0,0.0,0.0001790189760114,0.0,0.0,0.0,0.0,0.0
2013-08-01,2013,8,22,0,0,0,10,1,14,0,13,0,12,12,0,1,0,0,0,0,0,2,77,77,87,5225,0.0042105263157894,0.0,0.0,0.0,0.0019138755980861,0.0001913875598086,0.0026794258373205,0.0,0.0024880382775119,0.0,0.0022966507177033,0.0022966507177033,0.0,0.0001913875598086,0.0,0.0,0.0,0.0,0.0,0.0003827751196172
2013-09-01,2013,9,10,0,1,0,11,0,19,0,10,3,7,2,1,3,0,0,0,0,3,0,62,62,70,5666,0.0017649135192375,0.0,0.0001764913519237,0.0,0.0019414048711613,0.0,0.0033533356865513,0.0,0.0017649135192375,0.0005294740557712,0.0012354394634662,0.0003529827038475,0.0001764913519237,0.0005294740557712,0.0,0.0,0.0,0.0,0.0005294740557712,0.0
2013-10-01,2013,10,12,0,0,0,12,0,24,1,12,0,10,6,0,2,1,0,0,0,0,2,73,73,82,6026,0.0019913707268503,0.0,0.0,0.0,0.0019913707268503,0.0,0.0039827414537006,0.0001659475605708,0.0019913707268503,0.0,0.0016594756057085,0.0009956853634251,0.0,0.0003318951211417,0.0001659475605708,0.0,0.0,0.0,0.0,0.0003318951211417
2013-11-01,2013,11,14,0,1,1,12,0,13,0,16,0,11,6,0,2,1,0,1,1,1,0,70,70,80,5404,0.0025906735751295,0.0,0.0001850481125092,0.0001850481125092,0.002220577350111,0.0,0.0024056254626202,0.0,0.002960769800148,0.0,0.0020355292376017,0.0011102886750555,0.0,0.0003700962250185,0.0001850481125092,0.0,0.0001850481125092,0.0001850481125092,0.0001850481125092,0.0
2013-12-01,2013,12,15,0,1,0,7,0,20,0,13,0,7,1,0,0,1,0,0,0,0,0,58,58,65,5518,0.0027183762232693,0.0,0.0001812250815512,0.0,0.001268575570859,0.0,0.0036245016310257,0.0,0.0023559260601667,0.0,0.001268575570859,0.0001812250815512,0.0,0.0,0.0001812250815512,0.0,0.0,0.0,0.0,0.0
2014-01-01,2014,1,14,0,1,0,15,0,24,0,12,0,14,4,0,1,0,0,0,0,2,0,77,77,87,5668,0.002470007057163,0.0,0.0001764290755116,0.0,0.0026464361326746,0.0,0.0042342978122794,0.0,0.0021171489061397,0.0,0.002470007057163,0.0007057163020465,0.0,0.0001764290755116,0.0,0.0,0.0,0.0,0.0003528581510232,0.0
2014-02-01,2014,2,23,0,2,0,7,0,8,1,9,0,4,3,0,0,0,0,0,0,0,0,50,50,57,4962,0.0046352277307537,0.0,0.0004030632809351,0.0,0.0014107214832728,0.0,0.0016122531237404,0.0002015316404675,0.0018137847642079,0.0,0.0008061265618702,0.0006045949214026,0.0,0.0,0.0,0.0,0.0,0.0,0.0,0.0
2014-03-01,2014,3,14,0,0,0,4,0,10,0,10,0,9,0,1,2,0,0,0,0,1,0,48,48,51,5005,0.0027972027972027,0.0,0.0,0.0,0.0007992007992007,0.0,0.0019980019980019,0.0,0.0019980019980019,0.0,0.0017982017982017,0.0,0.0001998001998001,0.0003996003996003,0.0,0.0,0.0,0.0,0.0001998001998001,0.0
2014-04-01,2014,4,5,0,0,0,6,0,7,1,5,2,7,2,0,1,1,0,0,0,0,0,32,32,37,5597,0.0008933357155619,0.0,0.0,0.0,0.0010720028586742,0.0,0.0012506700017866,0.0001786671431123,0.0008933357155619,0.0003573342862247,0.0012506700017866,0.0003573342862247,0.0,0.0001786671431123,0.0001786671431123,0.0,0.0,0.0,0.0,0.0
2014-05-01,2014,5,41,0,1,0,8,0,13,1,12,0,12,4,0,2,0,0,0,0,0,2,89,89,96,5462,0.0075064079091907,0.0,0.0001830831197363,0.0,0.0014646649578908,0.0,0.0023800805565726,0.0001830831197363,0.0021969974368363,0.0,0.0021969974368363,0.0007323324789454,0.0,0.0003661662394727,0.0,0.0,0.0,0.0,0.0,0.0003661662394727
2014-06-01,2014,6,11,0,0,0,3,0,12,0,6,0,11,1,0,0,0,0,0,0,0,0,33,33,44,4701,0.0023399276749627,0.0,0.0,0.0,0.0006381620931716,0.0,0.0025526483726866,0.0,0.0012763241863433,0.0,0.0023399276749627,0.0002127206977238,0.0,0.0,0.0,0.0,0.0,0.0,0.0,0.0
2014-07-01,2014,7,14,0,0,0,2,0,11,0,6,0,6,2,0,0,0,0,0,0,1,0,39,39,42,4176,0.0033524904214559,0.0,0.0,0.0,0.0004789272030651,0.0,0.0026340996168582,0.0,0.0014367816091954,0.0,0.0014367816091954,0.0004789272030651,0.0,0.0,0.0,0.0,0.0,0.0,0.0002394636015325,0.0
2014-08-01,2014,8,15,0,0,0,2,0,9,0,7,0,4,3,0,0,0,0,0,1,0,0,40,40,41,3702,0.0040518638573743,0.0,0.0,0.0,0.0005402485143165,0.0,0.0024311183144246,0.0,0.001890869800108,0.0,0.0010804970286331,0.0008103727714748,0.0,0.0,0.0,0.0,0.0,0.0002701242571582,0.0,0.0
2014-09-01,2014,9,12,0,0,0,10,0,6,1,7,2,6,5,0,2,1,1,0,0,0,0,49,49,53,4363,0.0027504011001604,0.0,0.0,0.0,0.0022920009168003,0.0,0.0013752005500802,0.00022920009168,0.0016044006417602,0.00045840018336,0.0013752005500802,0.0011460004584001,0.0,0.00045840018336,0.00022920009168,0.00022920009168,0.0,0.0,0.0,0.0
2014-10-01,2014,10,6,1,2,0,4,0,3,0,9,1,2,3,0,1,0,0,0,0,1,0,33,33,33,4389,0.0013670539986329,0.0002278423331054,0.0004556846662109,0.0,0.0009113693324219,0.0,0.0006835269993164,0.0,0.0020505809979494,0.0002278423331054,0.0004556846662109,0.0006835269993164,0.0,0.0002278423331054,0.0,0.0,0.0,0.0,0.0002278423331054,0.0
2014-11-01,2014,11,5,0,0,0,7,0,8,0,2,0,2,2,0,1,0,0,0,0,0,0,25,25,27,3945,0.0012674271229404,0.0,0.0,0.0,0.0017743979721166,0.0,0.0020278833967046,0.0,0.0005069708491761,0.0,0.0005069708491761,0.0005069708491761,0.0,0.000253485424588,0.0,0.0,0.0,0.0,0.0,0.0
2014-12-01,2014,12,8,0,0,0,2,0,9,0,12,1,3,2,0,0,0,0,0,0,0,0,34,34,37,4208,0.0019011406844106,0.0,0.0,0.0,0.0004752851711026,0.0,0.0021387832699619,0.0,0.0028517110266159,0.0002376425855513,0.0007129277566539,0.0004752851711026,0.0,0.0,0.0,0.0,0.0,0.0,0.0,0.0
2015-01-01,2015,1,11,0,0,0,6,0,6,0,5,1,3,2,0,1,4,0,0,0,0,0,36,36,39,4356,0.0025252525252525,0.0,0.0,0.0,0.0013774104683195,0.0,0.0013774104683195,0.0,0.0011478420569329,0.0002295684113865,0.0006887052341597,0.0004591368227731,0.0,0.0002295684113865,0.0009182736455463,0.0,0.0,0.0,0.0,0.0
2015-02-01,2015,2,5,0,1,0,8,0,6,0,6,0,7,5,1,1,1,0,0,0,1,0,37,37,42,4449,0.0011238480557428,0.0,0.0002247696111485,0.0,0.0017981568891885,0.0,0.0013486176668914,0.0,0.0013486176668914,0.0,0.00157338727804,0.0011238480557428,0.0002247696111485,0.0002247696111485,0.0002247696111485,0.0,0.0,0.0,0.0002247696111485,0.0
2015-03-01,2015,3,6,0,0,0,5,0,5,0,5,0,4,5,0,0,0,0,0,1,0,0,29,29,31,4957,0.0012104095218882,0.0,0.0,0.0,0.0010086746015735,0.0,0.0010086746015735,0.0,0.0010086746015735,0.0,0.0008069396812588,0.0010086746015735,0.0,0.0,0.0,0.0,0.0,0.0002017349203147,0.0,0.0
2015-04-01,2015,4,7,0,0,0,11,0,14,0,6,3,7,1,0,3,0,2,0,0,1,2,52,52,57,5005,0.0013986013986013,0.0,0.0,0.0,0.0021978021978021,0.0,0.0027972027972027,0.0,0.0011988011988011,0.0005994005994005,0.0013986013986013,0.0001998001998001,0.0,0.0005994005994005,0.0,0.0003996003996003,0.0,0.0,0.0001998001998001,0.0003996003996003
2015-05-01,2015,5,17,0,1,0,6,0,8,1,6,2,9,1,0,4,1,0,0,0,0,0,52,52,56,4300,0.003953488372093,0.0,0.0002325581395348,0.0,0.0013953488372093,0.0,0.001860465116279,0.0002325581395348,0.0013953488372093,0.0004651162790697,0.0020930232558139,0.0002325581395348,0.0,0.0009302325581395,0.0002325581395348,0.0,0.0,0.0,0.0,0.0
2015-06-01,2015,6,7,0,0,0,7,0,11,0,7,2,4,4,0,4,0,0,0,0,0,0,41,41,46,4878,0.0014350143501435,0.0,0.0,0.0,0.0014350143501435,0.0,0.0022550225502255,0.0,0.0014350143501435,0.000410004100041,0.000820008200082,0.000820008200082,0.0,0.000820008200082,0.0,0.0,0.0,0.0,0.0,0.0
2015-07-01,2015,7,24,0,0,0,8,0,8,1,10,1,17,5,0,2,1,0,0,0,0,0,72,72,77,4546,0.0052793664760228,0.0,0.0,0.0,0.0017597888253409,0.0,0.0017597888253409,0.0002199736031676,0.0021997360316761,0.0002199736031676,0.0037395512538495,0.001099868015838,0.0,0.0004399472063352,0.0002199736031676,0.0,0.0,0.0,0.0,0.0
2015-08-01,2015,8,17,0,0,0,2,0,7,1,10,1,12,2,1,0,1,0,0,0,2,0,53,53,56,4309,0.0039452309120445,0.0,0.0,0.0,0.0004641448131817,0.0,0.0016245068461359,0.0002320724065908,0.0023207240659085,0.0002320724065908,0.0027848688790902,0.0004641448131817,0.0002320724065908,0.0,0.0002320724065908,0.0,0.0,0.0,0.0004641448131817,0.0
2015-09-01,2015,9,6,0,0,0,7,0,3,5,9,0,6,3,1,1,0,0,0,0,0,0,39,39,41,6301,0.0009522298047928,0.0,0.0,0.0,0.0011109347722583,0.0,0.0004761149023964,0.0007935248373274,0.0014283447071893,0.0,0.0009522298047928,0.0004761149023964,0.0001587049674654,0.0001587049674654,0.0,0.0,0.0,0.0,0.0,0.0
2015-10-01,2015,10,9,0,1,0,4,0,8,2,6,2,5,1,0,2,0,0,1,0,1,0,41,41,42,5066,0.0017765495459928,0.0,0.0001973943939992,0.0,0.0007895775759968,0.0,0.0015791551519936,0.0003947887879984,0.0011843663639952,0.0003947887879984,0.000986971969996,0.0001973943939992,0.0,0.0003947887879984,0.0,0.0,0.0001973943939992,0.0,0.0001973943939992,0.0
2015-11-01,2015,11,3,0,0,0,1,0,11,0,5,1,7,2,0,1,0,0,0,0,1,0,30,30,32,4487,0.0006685981724983,0.0,0.0,0.0,0.0002228660574994,0.0,0.0024515266324938,0.0,0.0011143302874972,0.0002228660574994,0.0015600624024961,0.0004457321149988,0.0,0.0002228660574994,0.0,0.0,0.0,0.0,0.0002228660574994,0.0
2015-12-01,2015,12,11,2,0,0,4,0,5,0,3,0,9,3,0,2,1,1,0,0,0,0,37,37,41,4296,0.00256052141527,0.0004655493482309,0.0,0.0,0.0009310986964618,0.0,0.0011638733705772,0.0,0.0006983240223463,0.0,0.0020949720670391,0.0006983240223463,0.0,0.0004655493482309,0.0002327746741154,0.0002327746741154,0.0,0.0,0.0,0.0
2016-01-01,2016,1,6,0,0,0,1,0,8,0,5,2,5,4,0,1,2,0,0,0,1,0,31,31,35,4201,0.0014282313734825,0.0,0.0,0.0,0.000238038562247,0.0,0.0019043084979766,0.0,0.0011901928112354,0.0004760771244941,0.0011901928112354,0.0009521542489883,0.0,0.000238038562247,0.0004760771244941,0.0,0.0,0.0,0.000238038562247,0.0
2016-02-01,2016,2,12,0,0,0,2,0,2,0,4,0,5,3,0,1,0,1,0,0,0,0,29,29,30,4980,0.0024096385542168,0.0,0.0,0.0,0.0004016064257028,0.0,0.0004016064257028,0.0,0.0008032128514056,0.0,0.001004016064257,0.0006024096385542,0.0,0.0002008032128514,0.0,0.0002008032128514,0.0,0.0,0.0,0.0
2016-03-01,2016,3,5,0,0,0,12,0,6,0,12,2,11,2,1,4,0,1,0,0,1,0,47,47,57,5508,0.0009077705156136,0.0,0.0,0.0,0.0021786492374727,0.0,0.0010893246187363,0.0,0.0021786492374727,0.0003631082062454,0.00199709513435,0.0003631082062454,0.0001815541031227,0.0007262164124909,0.0,0.0001815541031227,0.0,0.0,0.0001815541031227,0.0
2016-04-01,2016,4,8,1,1,0,15,0,7,1,4,0,17,2,0,1,0,0,0,0,1,0,45,45,58,5260,0.0015209125475285,0.000190114068441,0.000190114068441,0.0,0.0028517110266159,0.0,0.0013307984790874,0.000190114068441,0.0007604562737642,0.0,0.003231939163498,0.0003802281368821,0.0,0.000190114068441,0.0,0.0,0.0,0.0,0.000190114068441,0.0
2016-05-01,2016,5,13,0,0,0,8,0,7,0,6,0,7,2,0,2,0,0,0,0,0,0,44,44,45,5426,0.0023958717287136,0.0,0.0,0.0,0.0014743826022852,0.0,0.0012900847769996,0.0,0.0011057869517139,0.0,0.0012900847769996,0.0003685956505713,0.0,0.0003685956505713,0.0,0.0,0.0,0.0,0.0,0.0
2016-06-01,2016,6,20,0,0,0,8,0,10,1,12,0,10,1,0,1,0,1,1,0,1,2,61,61,68,5370,0.0037243947858473,0.0,0.0,0.0,0.0014897579143389,0.0,0.0018621973929236,0.0001862197392923,0.0022346368715083,0.0,0.0018621973929236,0.0001862197392923,0.0,0.0001862197392923,0.0,0.0001862197392923,0.0001862197392923,0.0,0.0001862197392923,0.0003724394785847
2016-07-01,2016,7,18,0,1,0,9,0,11,0,10,1,9,3,0,1,0,0,0,0,2,1,61,61,66,5342,0.0033695245226506,0.0,0.0001871958068139,0.0,0.0016847622613253,0.0,0.0020591538749532,0.0,0.0018719580681392,0.0001871958068139,0.0016847622613253,0.0005615874204417,0.0,0.0001871958068139,0.0,0.0,0.0,0.0,0.0003743916136278,0.0001871958068139
2016-08-01,2016,8,12,0,0,0,11,0,5,0,13,1,12,1,3,0,0,0,0,0,0,1,55,55,59,4879,0.0024595203935232,0.0,0.0,0.0,0.0022545603607296,0.0,0.001024800163968,0.0,0.0026644804263168,0.0002049600327936,0.0024595203935232,0.0002049600327936,0.0006148800983808,0.0,0.0,0.0,0.0,0.0,0.0,0.0002049600327936
2016-09-01,2016,9,2,0,0,1,11,0,8,0,2,0,8,1,1,2,0,0,0,0,1,2,33,33,39,5212,0.0003837298541826,0.0,0.0,0.0001918649270913,0.0021105141980046,0.0,0.0015349194167306,0.0,0.0003837298541826,0.0,0.0015349194167306,0.0001918649270913,0.0001918649270913,0.0003837298541826,0.0,0.0,0.0,0.0,0.0001918649270913,0.0003837298541826
2016-10-01,2016,10,5,0,0,0,10,0,7,0,9,0,6,2,0,0,0,0,0,0,0,0,33,33,39,5538,0.000902853015529,0.0,0.0,0.0,0.0018057060310581,0.0,0.0012639942217407,0.0,0.0016251354279523,0.0,0.0010834236186348,0.0003611412062116,0.0,0.0,0.0,0.0,0.0,0.0,0.0,0.0
2016-11-01,2016,11,9,0,0,0,6,0,13,0,6,0,14,5,0,3,0,1,1,0,0,0,53,53,58,4866,0.001849568434032,0.0,0.0,0.0,0.001233045622688,0.0,0.0026715988491574,0.0,0.001233045622688,0.0,0.0028771064529387,0.0010275380189066,0.0,0.000616522811344,0.0,0.0002055076037813,0.0002055076037813,0.0,0.0,0.0
2016-12-01,2016,12,12,0,0,0,1,1,5,0,15,1,8,1,0,3,0,0,0,0,1,0,44,44,48,4167,0.0028797696184305,0.0,0.0,0.0,0.0002399808015358,0.0002399808015358,0.0011999040076793,0.0,0.0035997120230381,0.0002399808015358,0.001919846412287,0.0002399808015358,0.0,0.0007199424046076,0.0,0.0,0.0,0.0,0.0002399808015358,0.0
2017-01-01,2017,1,13,0,0,1,8,1,25,2,14,1,13,5,0,0,0,0,0,0,0,0,78,78,83,5165,0.0025169409486931,0.0,0.0,0.0001936108422071,0.0015488867376573,0.0001936108422071,0.004840271055179,0.0003872216844143,0.0027105517909002,0.0001936108422071,0.0025169409486931,0.0009680542110358,0.0,0.0,0.0,0.0,0.0,0.0,0.0,0.0
2017-02-01,2017,2,21,0,0,0,6,0,18,0,12,1,10,6,0,2,0,1,0,0,0,0,71,71,77,4848,0.0043316831683168,0.0,0.0,0.0,0.0012376237623762,0.0,0.0037128712871287,0.0,0.0024752475247524,0.0002062706270627,0.002062706270627,0.0012376237623762,0.0,0.0004125412541254,0.0,0.0002062706270627,0.0,0.0,0.0,0.0
2017-03-01,2017,3,2,0,1,0,14,0,14,0,9,0,5,6,0,4,0,1,0,0,1,1,48,48,58,5573,0.0003588731383455,0.0,0.0001794365691727,0.0,0.0025121119684191,0.0,0.0025121119684191,0.0,0.0016149291225551,0.0,0.0008971828458639,0.0010766194150367,0.0,0.0007177462766911,0.0,0.0001794365691727,0.0,0.0,0.0001794365691727,0.0001794365691727
2017-04-01,2017,4,19,0,2,0,16,0,9,0,5,3,9,4,1,0,5,1,0,0,0,0,68,68,74,5031,0.003776585171934,0.0,0.0003975352812562,0.0,0.0031802822500496,0.0,0.0017889087656529,0.0,0.0009938382031405,0.0005963029218843,0.0017889087656529,0.0007950705625124,0.0001987676406281,0.0,0.0009938382031405,0.0001987676406281,0.0,0.0,0.0,0.0
2017-05-01,2017,5,14,0,0,1,8,0,12,0,11,3,11,2,0,0,0,0,0,0,0,0,55,55,62,5156,0.0027152831652443,0.0,0.0,0.0001939487975174,0.0015515903801396,0.0,0.0023273855702094,0.0,0.002133436772692,0.0005818463925523,0.002133436772692,0.0003878975950349,0.0,0.0,0.0,0.0,0.0,0.0,0.0,0.0
2017-06-01,2017,6,17,0,0,0,5,0,4,0,9,1,12,8,0,1,0,0,1,0,1,0,50,50,59,4746,0.0035819637589549,0.0,0.0,0.0,0.0010535187526337,0.0,0.000842815002107,0.0,0.0018963337547408,0.0002107037505267,0.0025284450063211,0.001685630004214,0.0,0.0002107037505267,0.0,0.0,0.0002107037505267,0.0,0.0002107037505267,0.0
2017-07-01,2017,7,18,0,0,0,11,0,17,0,12,0,12,3,0,1,1,0,1,0,2,0,71,71,78,4668,0.0038560411311053,0.0,0.0,0.0,0.0023564695801199,0.0,0.0036418166238217,0.0,0.0025706940874035,0.0,0.0025706940874035,0.0006426735218508,0.0,0.0002142245072836,0.0002142245072836,0.0,0.0002142245072836,0.0,0.0004284490145672,0.0
2017-08-01,2017,8,20,0,1,1,13,0,16,1,12,0,14,12,0,2,0,0,1,0,0,0,83,83,93,4445,0.0044994375703037,0.0,0.0002249718785151,0.0002249718785151,0.0029246344206974,0.0,0.0035995500562429,0.0002249718785151,0.0026996625421822,0.0,0.0031496062992125,0.0026996625421822,0.0,0.0004499437570303,0.0,0.0,0.0002249718785151,0.0,0.0,0.0
2017-09-01,2017,9,28,0,0,0,8,0,8,0,12,0,12,3,0,0,1,0,0,0,0,1,67,67,73,4066,0.0068863748155435,0.0,0.0,0.0,0.0019675356615838,0.0,0.0019675356615838,0.0,0.0029513034923757,0.0,0.0029513034923757,0.0007378258730939,0.0,0.0,0.0002459419576979,0.0,0.0,0.0,0.0,0.0002459419576979
2017-10-01,2017,10,9,0,0,0,5,0,9,0,6,2,7,2,1,2,1,0,0,0,1,0,42,42,45,4108,0.0021908471275559,0.0,0.0,0.0,0.0012171372930866,0.0,0.0021908471275559,0.0,0.0014605647517039,0.0004868549172346,0.0017039922103213,0.0004868549172346,0.0002434274586173,0.0004868549172346,0.0002434274586173,0.0,0.0,0.0,0.0002434274586173,0.0
2017-11-01,2017,11,10,0,1,0,9,1,14,0,2,1,8,3,0,1,0,0,0,0,0,1,46,46,51,4675,0.002139037433155,0.0,0.0002139037433155,0.0,0.0019251336898395,0.0002139037433155,0.0029946524064171,0.0,0.000427807486631,0.0002139037433155,0.001711229946524,0.0006417112299465,0.0,0.0002139037433155,0.0,0.0,0.0,0.0,0.0,0.0002139037433155
2017-12-01,2017,12,11,0,0,0,9,0,10,0,5,2,10,1,0,0,1,0,0,0,0,0,42,42,49,3907,0.002815459431789,0.0,0.0,0.0,0.0023035577169183,0.0,0.0025595085743537,0.0,0.0012797542871768,0.0005119017148707,0.0025595085743537,0.0002559508574353,0.0,0.0,0.0002559508574353,0.0,0.0,0.0,0.0,0.0
2018-01-01,2018,1,5,0,1,0,9,0,13,0,6,1,11,6,1,1,0,0,0,0,0,0,47,47,54,5196,0.0009622786759045,0.0,0.0001924557351809,0.0,0.0017321016166281,0.0,0.0025019245573518,0.0,0.0011547344110854,0.0001924557351809,0.0021170130869899,0.0011547344110854,0.0001924557351809,0.0001924557351809,0.0,0.0,0.0,0.0,0.0,0.0
2018-02-01,2018,2,9,0,0,0,4,0,9,0,9,0,8,2,0,1,0,0,0,0,0,0,34,34,42,4633,0.0019425857975393,0.0,0.0,0.0,0.000863371465573,0.0,0.0019425857975393,0.0,0.0019425857975393,0.0,0.0017267429311461,0.0004316857327865,0.0,0.0002158428663932,0.0,0.0,0.0,0.0,0.0,0.0
2018-03-01,2018,3,8,0,2,1,5,0,6,0,4,1,7,9,0,2,1,0,0,0,2,0,45,45,48,5736,0.00139470013947,0.0,0.0003486750348675,0.0001743375174337,0.0008716875871687,0.0,0.0010460251046025,0.0,0.000697350069735,0.0001743375174337,0.0012203626220362,0.0015690376569037,0.0,0.0003486750348675,0.0001743375174337,0.0,0.0,0.0,0.0003486750348675,0.0
2018-04-01,2018,4,4,0,2,0,11,0,7,0,5,0,9,5,0,0,1,0,0,0,0,0,38,38,44,5794,0.0006903693476009,0.0,0.0003451846738004,0.0,0.0018985157059026,0.0,0.0012081463583016,0.0,0.0008629616845012,0.0,0.0015533310321021,0.0008629616845012,0.0,0.0,0.0001725923369002,0.0,0.0,0.0,0.0,0.0
2018-05-01,2018,5,15,1,0,0,19,0,16,0,10,7,10,4,0,2,1,1,0,0,1,0,79,79,87,5418,0.0027685492801771,0.0001845699520118,0.0,0.0,0.0035068290882244,0.0,0.0029531192321889,0.0,0.0018456995201181,0.0012919896640826,0.0018456995201181,0.0007382798080472,0.0,0.0003691399040236,0.0001845699520118,0.0001845699520118,0.0,0.0,0.0001845699520118,0.0
2018-06-01,2018,6,42,1,1,0,17,0,12,1,15,1,7,6,0,2,0,1,0,0,1,0,96,96,107,5084,0.0082612116443745,0.0001966955153422,0.0001966955153422,0.0,0.0033438237608182,0.0,0.002360346184107,0.0001966955153422,0.0029504327301337,0.0001966955153422,0.0013768686073957,0.0011801730920535,0.0,0.0003933910306845,0.0,0.0001966955153422,0.0,0.0,0.0001966955153422,0.0
2018-07-01,2018,7,19,0,1,1,6,0,19,0,17,0,12,6,0,3,0,0,2,1,2,3,82,82,92,5123,0.0037087643958617,0.0,0.0001951981260979,0.0001951981260979,0.0011711887565879,0.0,0.0037087643958617,0.0,0.0033183681436658,0.0,0.0023423775131758,0.0011711887565879,0.0,0.0005855943782939,0.0,0.0,0.0003903962521959,0.0001951981260979,0.0003903962521959,0.0005855943782939
2018-08-01,2018,8,19,0,2,0,9,0,14,1,13,1,25,19,1,2,4,1,1,0,0,2,100,100,114,4891,0.0038846861582498,0.0,0.0004089143324473,0.0,0.001840114496013,0.0,0.0028624003271314,0.0002044571662236,0.0026579431609077,0.0002044571662236,0.0051114291555919,0.0038846861582498,0.0002044571662236,0.0004089143324473,0.0008178286648947,0.0002044571662236,0.0002044571662236,0.0,0.0,0.0004089143324473
2018-09-01,2018,9,14,0,2,0,9,1,16,1,17,2,17,10,0,4,2,0,0,0,3,0,90,90,98,5340,0.0026217228464419,0.0,0.0003745318352059,0.0,0.0016853932584269,0.0001872659176029,0.0029962546816479,0.0001872659176029,0.0031835205992509,0.0003745318352059,0.0031835205992509,0.0018726591760299,0.0,0.0007490636704119,0.0003745318352059,0.0,0.0,0.0,0.0005617977528089,0.0
2018-10-01,2018,10,9,0,1,1,11,0,18,1,15,0,20,10,0,3,5,0,0,0,1,1,89,89,96,5741,0.0015676711374325,0.0,0.0001741856819369,0.0001741856819369,0.0019160425013063,0.0,0.003135342274865,0.0001741856819369,0.0026127852290541,0.0,0.0034837136387388,0.0017418568193694,0.0,0.0005225570458108,0.0008709284096847,0.0,0.0,0.0,0.0001741856819369,0.0001741856819369
2018-11-01,2018,11,5,0,3,0,13,0,12,0,13,2,20,4,0,4,1,0,0,1,3,1,76,76,82,5490,0.0009107468123861,0.0,0.0005464480874316,0.0,0.002367941712204,0.0,0.0021857923497267,0.0,0.002367941712204,0.0003642987249544,0.0036429872495446,0.0007285974499089,0.0,0.0007285974499089,0.0001821493624772,0.0,0.0,0.0001821493624772,0.0005464480874316,0.0001821493624772
2018-12-01,2018,12,15,0,1,0,7,0,10,1,18,2,8,1,0,0,1,0,0,0,0,0,60,60,64,5235,0.0028653295128939,0.0,0.0001910219675262,0.0,0.0013371537726838,0.0,0.0019102196752626,0.0001910219675262,0.0034383954154727,0.0003820439350525,0.0015281757402101,0.0001910219675262,0.0,0.0,0.0001910219675262,0.0,0.0,0.0,0.0,0.0
2019-01-01,2019,1,15,1,1,0,20,1,18,0,9,0,17,4,0,1,2,0,0,0,2,0,83,83,91,4773,0.0031426775612822,0.0002095118374188,0.0002095118374188,0.0,0.0041902367483762,0.0002095118374188,0.0037712130735386,0.0,0.0018856065367693,0.0,0.0035617012361198,0.0008380473496752,0.0,0.0002095118374188,0.0004190236748376,0.0,0.0,0.0,0.0004190236748376,0.0
2019-02-01,2019,2,10,0,2,0,14,0,22,0,11,3,19,5,1,2,0,2,0,1,4,0,83,83,96,5066,0.0019739439399921,0.0,0.0003947887879984,0.0,0.0027635215159889,0.0,0.0043426766679826,0.0,0.0021713383339913,0.0005921831819976,0.0037504934859849,0.000986971969996,0.0001973943939992,0.0003947887879984,0.0,0.0003947887879984,0.0,0.0001973943939992,0.0007895775759968,0.0
2019-03-01,2019,3,13,0,3,0,15,0,14,0,17,1,11,8,1,5,0,1,3,0,0,0,80,80,92,5312,0.0024472891566265,0.0,0.0005647590361445,0.0,0.0028237951807228,0.0,0.0026355421686746,0.0,0.0032003012048192,0.0001882530120481,0.0020707831325301,0.0015060240963855,0.0001882530120481,0.0009412650602409,0.0,0.0001882530120481,0.0005647590361445,0.0,0.0,0.0
2019-04-01,2019,4,5,0,1,0,16,0,19,0,9,1,15,11,1,5,0,3,1,0,0,1,83,83,88,4724,0.0010584250635055,0.0,0.0002116850127011,0.0,0.0033869602032176,0.0,0.0040220152413209,0.0,0.0019051651143099,0.0002116850127011,0.0031752751905165,0.0023285351397121,0.0002116850127011,0.0010584250635055,0.0,0.0006350550381033,0.0002116850127011,0.0,0.0,0.0002116850127011
2019-05-01,2019,5,32,0,0,0,21,0,23,0,16,1,40,10,2,5,2,1,1,0,5,0,141,141,159,5676,0.0056377730796335,0.0,0.0,0.0,0.0036997885835095,0.0,0.0040521494009866,0.0,0.0028188865398167,0.0001761804087385,0.0070472163495419,0.0017618040873854,0.000352360817477,0.0008809020436927,0.000352360817477,0.0001761804087385,0.0001761804087385,0.0,0.0008809020436927,0.0
2019-06-01,2019,6,42,0,4,1,37,2,20,0,25,0,46,9,0,1,1,1,1,1,0,1,172,172,192,5228,0.0080336648814078,0.0,0.0007651109410864,0.0001912777352716,0.0070772762050497,0.0003825554705432,0.0038255547054322,0.0,0.0047819433817903,0.0,0.0087987758224942,0.0017214996174445,0.0,0.0001912777352716,0.0001912777352716,0.0001912777352716,0.0001912777352716,0.0001912777352716,0.0,0.0001912777352716
2019-07-01,2019,7,41,0,1,0,22,0,30,0,17,1,31,6,0,2,2,3,2,1,2,0,146,146,161,4940,0.0082995951417004,0.0,0.0002024291497975,0.0,0.0044534412955465,0.0,0.0060728744939271,0.0,0.0034412955465587,0.0002024291497975,0.0062753036437246,0.0012145748987854,0.0,0.0004048582995951,0.0004048582995951,0.0006072874493927,0.0004048582995951,0.0002024291497975,0.0004048582995951,0.0
2019-08-01,2019,8,29,0,3,0,17,0,13,0,9,0,42,6,0,1,2,1,2,1,2,0,119,119,128,4334,0.0066912782648823,0.0,0.0006922011998154,0.0,0.0039224734656206,0.0,0.0029995385325334,0.0,0.0020766035994462,0.0,0.0096908167974157,0.0013844023996308,0.0,0.0002307337332718,0.0004614674665436,0.0002307337332718,0.0004614674665436,0.0002307337332718,0.0004614674665436,0.0
2019-09-01,2019,9,17,0,5,0,43,0,19,1,17,1,46,7,1,5,1,1,0,0,2,0,143,143,166,5353,0.0031757892770409,0.0,0.0009340556697179,0.0,0.008032878759574,0.0,0.003549411544928,0.0001868111339435,0.0031757892770409,0.0001868111339435,0.0085933121614048,0.001307677937605,0.0001868111339435,0.0009340556697179,0.0001868111339435,0.0001868111339435,0.0,0.0,0.0003736222678871,0.0
2019-10-01,2019,10,7,0,3,0,15,0,23,1,14,0,25,8,0,4,0,0,0,0,1,0,85,85,101,5476,0.0012783053323593,0.0,0.0005478451424397,0.0,0.0027392257121986,0.0,0.0042001460920379,0.0001826150474799,0.0025566106647187,0.0,0.0045653761869978,0.0014609203798392,0.0,0.0007304601899196,0.0,0.0,0.0,0.0,0.0001826150474799,0.0
2019-11-01,2019,11,12,0,3,1,24,0,21,2,8,5,33,3,0,3,4,0,0,0,4,0,114,114,123,5002,0.0023990403838464,0.0,0.0005997600959616,0.0001999200319872,0.0047980807676929,0.0,0.0041983206717313,0.0003998400639744,0.0015993602558976,0.000999600159936,0.0065973610555777,0.0005997600959616,0.0,0.0005997600959616,0.0007996801279488,0.0,0.0,0.0,0.0007996801279488,0.0
2019-12-01,2019,12,13,1,2,0,40,0,16,2,13,0,50,8,0,4,9,1,0,0,2,0,144,144,161,4497,0.0028908160996219,0.0002223704692016,0.0004447409384033,0.0,0.0088948187680676,0.0,0.003557927507227,0.0004447409384033,0.0028908160996219,0.0,0.0111185234600845,0.0017789637536135,0.0,0.0008894818768067,0.0020013342228152,0.0002223704692016,0.0,0.0,0.0004447409384033,0.0
2020-01-01,2020,1,26,0,3,0,20,0,27,0,8,2,42,11,2,1,2,2,1,0,1,0,136,136,148,4593,0.0056607881558893,0.0,0.000653167864141,0.0,0.0043544524276072,0.0,0.0058785107772697,0.0,0.0017417809710428,0.0004354452427607,0.0091443500979751,0.0023949488351839,0.0004354452427607,0.0002177226213803,0.0004354452427607,0.0004354452427607,0.0002177226213803,0.0,0.0002177226213803,0.0
2020-02-01,2020,2,30,0,4,0,18,0,23,0,17,1,21,5,0,3,3,2,0,0,0,1,118,118,128,4344,0.0069060773480662,0.0,0.0009208103130755,0.0,0.0041436464088397,0.0,0.0052946593001841,0.0,0.0039134438305709,0.0002302025782688,0.0048342541436464,0.0011510128913443,0.0,0.0006906077348066,0.0006906077348066,0.0004604051565377,0.0,0.0,0.0,0.0002302025782688
2020-03-01,2020,3,8,0,2,0,9,0,8,1,5,0,21,9,0,0,3,0,1,0,0,0,54,54,67,5291,0.0015120015120015,0.0,0.0003780003780003,0.0,0.0017010017010017,0.0,0.0015120015120015,0.0001890001890001,0.0009450009450009,0.0,0.0039690039690039,0.0017010017010017,0.0,0.0,0.0005670005670005,0.0,0.0001890001890001,0.0,0.0,0.0
2020-04-01,2020,4,13,0,1,0,10,0,13,0,8,0,28,6,0,1,0,0,1,0,0,0,70,70,81,4848,0.0026815181518151,0.0,0.0002062706270627,0.0,0.002062706270627,0.0,0.0026815181518151,0.0,0.0016501650165016,0.0,0.0057755775577557,0.0012376237623762,0.0,0.0002062706270627,0.0,0.0,0.0002062706270627,0.0,0.0,0.0
2020-05-01,2020,5,17,1,0,0,14,0,9,0,16,2,9,8,1,3,8,2,1,0,0,1,76,76,92,4902,0.0034679722562219,0.000203998368013,0.0,0.0,0.0028559771521827,0.0,0.0018359853121175,0.0,0.0032639738882088,0.0004079967360261,0.0018359853121175,0.0016319869441044,0.000203998368013,0.0006119951040391,0.0016319869441044,0.0004079967360261,0.000203998368013,0.0,0.0,0.000203998368013
2020-06-01,2020,6,58,0,6,0,29,0,18,0,25,3,32,8,0,5,5,0,0,0,0,0,170,170,189,5310,0.0109227871939736,0.0,0.0011299435028248,0.0,0.0054613935969868,0.0,0.0033898305084745,0.0,0.0047080979284369,0.0005649717514124,0.0060263653483992,0.0015065913370998,0.0,0.0009416195856873,0.0009416195856873,0.0,0.0,0.0,0.0,0.0
2020-07-01,2020,7,35,1,1,0,19,0,18,0,8,0,23,15,1,1,0,1,0,0,0,0,107,107,123,4851,0.0072150072150072,0.0002061430632859,0.0002061430632859,0.0,0.0039167182024324,0.0,0.0037105751391465,0.0,0.0016491445062873,0.0,0.0047412904555761,0.0030921459492888,0.0002061430632859,0.0002061430632859,0.0,0.0002061430632859,0.0,0.0,0.0,0.0
2020-08-01,2020,8,43,1,3,1,18,0,13,0,16,0,22,5,0,3,0,1,0,0,2,2,120,120,130,4520,0.0095132743362831,0.000221238938053,0.0006637168141592,0.000221238938053,0.0039823008849557,0.0,0.0028761061946902,0.0,0.0035398230088495,0.0,0.0048672566371681,0.0011061946902654,0.0,0.0006637168141592,0.0,0.000221238938053,0.0,0.0,0.0004424778761061,0.0004424778761061
2020-09-01,2020,9,19,0,2,0,23,1,16,0,11,1,18,11,0,7,1,0,0,0,1,0,96,96,111,5884,0.0032290958531611,0.0,0.0003399048266485,0.0,0.0039089055064581,0.0001699524133242,0.0027192386131883,0.0,0.0018694765465669,0.0001699524133242,0.0030591434398368,0.0018694765465669,0.0,0.0011896668932698,0.0001699524133242,0.0,0.0,0.0,0.0001699524133242,0.0
2020-10-01,2020,10,39,1,1,0,27,0,30,0,17,2,28,13,0,4,2,1,2,0,0,0,149,149,167,5887,0.0066247664345167,0.0001698658060132,0.0001698658060132,0.0,0.0045863767623577,0.0,0.0050959741803974,0.0,0.0028877187022252,0.0003397316120264,0.0047562425683709,0.0022082554781722,0.0,0.0006794632240529,0.0003397316120264,0.0001698658060132,0.0003397316120264,0.0,0.0,0.0
2020-11-01,2020,11,15,0,0,2,14,0,22,0,14,0,23,10,0,3,0,1,0,0,0,2,92,92,106,5889,0.0025471217524197,0.0,0.0,0.0003396162336559,0.0023773136355917,0.0,0.0037357785702156,0.0,0.0023773136355917,0.0,0.0039055866870436,0.0016980811682798,0.0,0.0005094243504839,0.0,0.0001698081168279,0.0,0.0,0.0,0.0003396162336559
2020-12-01,2020,12,29,1,5,0,23,1,27,0,8,1,16,8,1,2,5,0,5,0,0,0,118,118,132,5523,0.0052507695093246,0.0001810610175629,0.0009053050878145,0.0,0.0041644034039471,0.0001810610175629,0.0048886474741988,0.0,0.0014484881405033,0.0001810610175629,0.0028969762810066,0.0014484881405033,0.0001810610175629,0.0003621220351258,0.0009053050878145,0.0,0.0009053050878145,0.0,0.0,0.0
2021-01-01,2021,1,27,0,1,0,17,0,8,0,16,1,18,7,0,4,5,1,1,0,1,0,96,96,107,5300,0.0050943396226415,0.0,0.000188679245283,0.0,0.0032075471698113,0.0,0.0015094339622641,0.0,0.0030188679245283,0.000188679245283,0.0033962264150943,0.0013207547169811,0.0,0.000754716981132,0.000943396226415,0.000188679245283,0.000188679245283,0.0,0.000188679245283,0.0
2021-02-01,2021,2,26,1,6,0,14,0,29,0,16,2,11,7,0,3,3,1,1,1,1,1,111,111,123,5464,0.0047584187408491,0.0001830161054172,0.0010980966325036,0.0,0.0025622254758418,0.0,0.005307467057101,0.0,0.0029282576866764,0.0003660322108345,0.00201317715959,0.0012811127379209,0.0,0.0005490483162518,0.0005490483162518,0.0001830161054172,0.0001830161054172,0.0001830161054172,0.0001830161054172,0.0001830161054172
2021-03-01,2021,3,17,0,2,0,18,0,13,0,12,2,20,6,1,2,1,0,4,1,0,2,95,95,101,6224,0.0027313624678663,0.0,0.0003213367609254,0.0,0.002892030848329,0.0,0.0020886889460154,0.0,0.0019280205655526,0.0003213367609254,0.0032133676092544,0.0009640102827763,0.0001606683804627,0.0003213367609254,0.0001606683804627,0.0,0.0006426735218508,0.0001606683804627,0.0,0.0003213367609254
2021-04-01,2021,4,30,0,2,1,26,0,16,0,12,2,28,5,0,3,1,0,0,1,0,2,114,114,129,5676,0.0052854122621564,0.0,0.000352360817477,0.0001761804087385,0.0045806906272022,0.0,0.0028188865398167,0.0,0.0021141649048625,0.000352360817477,0.0049330514446793,0.0008809020436927,0.0,0.0005285412262156,0.0001761804087385,0.0,0.0,0.0001761804087385,0.0,0.000352360817477
2021-05-01,2021,5,33,1,1,0,17,0,10,0,21,0,17,3,0,2,1,2,0,0,1,0,97,97,109,5511,0.0059880239520958,0.0001814552712756,0.0001814552712756,0.0,0.0030847396116857,0.0,0.0018145527127563,0.0,0.0038105606967882,0.0,0.0030847396116857,0.0005443658138268,0.0,0.0003629105425512,0.0001814552712756,0.0003629105425512,0.0,0.0,0.0001814552712756,0.0
2021-06-01,2021,6,20,0,0,0,28,1,27,0,20,3,29,16,1,3,4,2,1,0,0,3,138,138,158,5095,0.0039254170755642,0.0,0.0,0.0,0.0054955839057899,0.0001962708537782,0.0052993130520117,0.0,0.0039254170755642,0.0005888125613346,0.0056918547595682,0.0031403336604514,0.0001962708537782,0.0005888125613346,0.0007850834151128,0.0003925417075564,0.0001962708537782,0.0,0.0,0.0005888125613346
2021-07-01,2021,7,55,0,0,0,26,0,24,0,24,1,48,21,0,2,3,1,0,0,1,2,184,184,208,5436,0.0101177336276674,0.0,0.0,0.0,0.0047829286239882,0.0,0.0044150110375275,0.0,0.0044150110375275,0.0001839587932303,0.0088300220750551,0.0038631346578366,0.0,0.0003679175864606,0.0005518763796909,0.0001839587932303,0.0,0.0,0.0001839587932303,0.0003679175864606
2021-08-01,2021,8,49,0,2,1,13,0,13,1,15,0,31,18,0,4,0,0,0,0,0,0,134,134,147,4041,0.01212571145756,0.0,0.0004949269982677,0.0002474634991338,0.0032170254887404,0.0,0.0032170254887404,0.0002474634991338,0.0037119524870081,0.0,0.0076713684731502,0.0044543429844097,0.0,0.0009898539965355,0.0,0.0,0.0,0.0,0.0,0.0
2021-09-01,2021,9,22,1,3,0,38,0,19,2,9,1,40,8,0,2,0,3,1,0,1,0,136,136,150,6080,0.0036184210526315,0.0001644736842105,0.0004934210526315,0.0,0.00625,0.0,0.003125,0.000328947368421,0.0014802631578947,0.0001644736842105,0.006578947368421,0.0013157894736842,0.0,0.000328947368421,0.0,0.0004934210526315,0.0001644736842105,0.0,0.0001644736842105,0.0
2021-10-01,2021,10,5,0,5,0,38,0,22,1,19,1,44,17,0,3,2,0,1,0,1,0,142,142,159,5932,0.0008428860418071,0.0,0.0008428860418071,0.0,0.0064059339177343,0.0,0.0037086985839514,0.0001685772083614,0.0032029669588671,0.0001685772083614,0.0074173971679028,0.0028658125421443,0.0,0.0005057316250842,0.0003371544167228,0.0,0.0001685772083614,0.0,0.0001685772083614,0.0
2021-11-01,2021,11,21,0,1,0,30,0,30,0,16,0,45,12,0,4,1,1,0,0,3,1,142,142,165,5653,0.0037148416769856,0.0,0.0001768972227136,0.0,0.0053069166814081,0.0,0.0053069166814081,0.0,0.0028303555634176,0.0,0.0079603750221121,0.0021227666725632,0.0,0.0007075888908544,0.0001768972227136,0.0001768972227136,0.0,0.0,0.0005306916681408,0.0001768972227136
2021-12-01,2021,12,35,0,4,1,25,1,19,1,14,2,31,7,0,1,1,1,3,0,1,0,129,129,147,5590,0.0062611806797853,0.0,0.0007155635062611,0.0001788908765652,0.0044722719141323,0.0001788908765652,0.0033989266547406,0.0001788908765652,0.0025044722719141,0.0003577817531305,0.0055456171735241,0.001252236135957,0.0,0.0001788908765652,0.0001788908765652,0.0001788908765652,0.0005366726296958,0.0,0.0001788908765652,0.0
2022-01-01,2022,1,39,0,2,0,18,0,22,0,16,1,19,9,0,2,2,4,2,0,3,0,128,128,139,5341,0.0073020033701554,0.0,0.00037446171129,0.0,0.0033701554016101,0.0,0.0041190788241902,0.0,0.0029956936903201,0.000187230855645,0.0035573862572551,0.001685077700805,0.0,0.00037446171129,0.00037446171129,0.00074892342258,0.00037446171129,0.0,0.000561692566935,0.0
2022-02-01,2022,2,30,0,1,0,14,0,16,1,14,1,19,12,0,1,1,0,0,0,2,0,100,100,112,5281,0.0056807422836583,0.0,0.0001893580761219,0.0,0.0026510130657072,0.0,0.0030297292179511,0.0001893580761219,0.0026510130657072,0.0001893580761219,0.0035978034463169,0.0022722969134633,0.0,0.0001893580761219,0.0001893580761219,0.0,0.0,0.0,0.0003787161522438,0.0
2022-03-01,2022,3,20,0,3,1,24,0,21,0,9,2,25,14,3,2,0,0,3,0,4,0,119,119,131,5148,0.0038850038850038,0.0,0.0005827505827505,0.0001942501942501,0.0046620046620046,0.0,0.004079254079254,0.0,0.0017482517482517,0.0003885003885003,0.0048562548562548,0.0027195027195027,0.0005827505827505,0.0003885003885003,0.0,0.0,0.0005827505827505,0.0,0.0007770007770007,0.0
2022-04-01,2022,4,36,0,3,0,20,0,10,0,17,1,25,7,0,2,0,0,3,0,0,0,112,112,124,5157,0.0069808027923211,0.0,0.0005817335660267,0.0,0.0038782237735117,0.0,0.0019391118867558,0.0,0.0032964902074849,0.0001939111886755,0.0048477797168896,0.0013573783207291,0.0,0.0003878223773511,0.0,0.0,0.0005817335660267,0.0,0.0,0.0
2022-05-01,2022,5,26,1,2,0,19,0,34,1,21,0,34,12,0,1,1,0,2,0,0,0,137,137,154,5496,0.004730713245997,0.0001819505094614,0.0003639010189228,0.0,0.0034570596797671,0.0,0.0061863173216885,0.0001819505094614,0.0038209606986899,0.0,0.0061863173216885,0.0021834061135371,0.0,0.0001819505094614,0.0001819505094614,0.0,0.0003639010189228,0.0,0.0,0.0
2022-06-01,2022,6,42,0,3,0,25,0,26,0,14,1,40,32,1,2,5,1,1,0,0,0,175,175,193,5603,0.0074959842941281,0.0,0.0005354274495805,0.0,0.0044618954131715,0.0,0.0046403712296983,0.0,0.002498661431376,0.0001784758165268,0.0071390326610744,0.0057112261288595,0.0001784758165268,0.0003569516330537,0.0008923790826343,0.0001784758165268,0.0001784758165268,0.0,0.0,0.0
2022-07-01,2022,7,57,0,5,0,31,1,40,0,32,2,57,78,0,4,0,0,0,0,1,0,268,268,308,6019,0.0094700116298388,0.0,0.0008307027745472,0.0,0.005150357202193,0.0001661405549094,0.0066456221963781,0.0,0.0053164977571025,0.0003322811098189,0.0094700116298388,0.0129589632829373,0.0,0.0006645622196378,0.0,0.0,0.0,0.0,0.0001661405549094,0.0
2022-08-01,2022,8,39,0,8,1,45,0,36,0,32,1,58,39,0,0,5,2,4,0,8,1,244,244,279,4798,0.0081283868278449,0.0,0.0016673614005835,0.0002084201750729,0.0093789078782826,0.0,0.007503126302626,0.0,0.0066694456023343,0.0002084201750729,0.0120883701542309,0.0081283868278449,0.0,0.0,0.0010421008753647,0.0004168403501458,0.0008336807002917,0.0,0.0016673614005835,0.0002084201750729
2022-09-01,2022,9,34,0,3,0,36,0,20,0,13,1,26,26,0,0,1,3,4,0,0,0,148,148,167,5903,0.0057597831611045,0.0,0.0005082161612739,0.0,0.0060985939352871,0.0,0.0033881077418261,0.0,0.002202270032187,0.0001694053870913,0.004404540064374,0.004404540064374,0.0,0.0,0.0001694053870913,0.0005082161612739,0.0006776215483652,0.0,0.0,0.0
2022-10-01,2022,10,23,0,4,1,28,0,18,0,12,1,35,15,0,3,1,0,1,0,1,0,125,125,143,5706,0.004030844724851,0.0,0.0007010164738871,0.0001752541184717,0.0049071153172099,0.0,0.0031545741324921,0.0,0.0021030494216614,0.0001752541184717,0.0061338941465124,0.0026288117770767,0.0,0.0005257623554153,0.0001752541184717,0.0,0.0001752541184717,0.0,0.0001752541184717,0.0
2022-11-01,2022,11,25,2,4,0,31,0,14,0,16,1,34,13,0,3,0,2,2,0,2,1,129,129,150,5225,0.0047846889952153,0.0003827751196172,0.0007655502392344,0.0,0.0059330143540669,0.0,0.0026794258373205,0.0,0.0030622009569377,0.0001913875598086,0.0065071770334928,0.0024880382775119,0.0,0.0005741626794258,0.0,0.0003827751196172,0.0003827751196172,0.0,0.0003827751196172,0.0001913875598086
2022-12-01,2022,12,21,1,3,0,25,0,20,0,16,0,24,13,0,2,3,1,1,0,1,1,119,119,132,5089,0.0041265474552957,0.0001965022597759,0.0005895067793279,0.0,0.0049125564943996,0.0,0.0039300451955197,0.0,0.0031440361564157,0.0,0.0047160542346236,0.0025545293770878,0.0,0.0003930045195519,0.0005895067793279,0.0001965022597759,0.0001965022597759,0.0,0.0001965022597759,0.0001965022597759
2023-01-01,2023,1,47,0,1,1,17,0,15,1,20,1,33,21,0,5,1,0,1,0,2,1,149,149,167,5391,0.0087182340938601,0.0,0.0001854943424225,0.0001854943424225,0.0031534038211834,0.0,0.0027824151363383,0.0001854943424225,0.0037098868484511,0.0001854943424225,0.0061213132999443,0.0038953811908736,0.0,0.0009274717121127,0.0001854943424225,0.0,0.0001854943424225,0.0,0.0003709886848451,0.0001854943424225
2023-02-01,2023,2,46,0,4,0,26,0,21,0,17,3,31,15,0,1,2,1,0,0,2,0,153,153,169,5458,0.0084279956027849,0.0,0.0007328691828508,0.0,0.0047636496885305,0.0,0.003847563209967,0.0,0.0031146940271161,0.0005496518871381,0.0056797361670941,0.0027482594356907,0.0,0.0001832172957127,0.0003664345914254,0.0001832172957127,0.0,0.0,0.0003664345914254,0.0
2023-03-01,2023,3,50,1,2,0,37,0,24,1,17,4,36,15,0,2,2,2,0,0,3,0,177,177,196,6418,0.007790588968526,0.0001558117793705,0.000311623558741,0.0,0.0057650358367092,0.0,0.0037394827048924,0.0001558117793705,0.0026488002492988,0.000623247117482,0.0056092240573387,0.0023371766905578,0.0,0.000311623558741,0.000311623558741,0.000311623558741,0.0,0.0,0.0004674353381115,0.0
2023-04-01,2023,4,25,0,2,0,25,0,20,0,6,0,30,17,0,2,1,2,1,0,2,0,121,121,133,5658,0.004418522446094,0.0,0.0003534817956875,0.0,0.004418522446094,0.0,0.0035348179568752,0.0,0.0010604453870625,0.0,0.0053022269353128,0.0030045952633439,0.0,0.0003534817956875,0.0001767408978437,0.0003534817956875,0.0001767408978437,0.0,0.0003534817956875,0.0
2023-05-01,2023,5,49,0,3,0,30,0,25,1,18,2,30,18,0,3,1,1,1,0,2,0,167,167,184,6104,0.0080275229357798,0.0,0.0004914809960681,0.0,0.0049148099606815,0.0,0.0040956749672346,0.0001638269986893,0.0029488859764089,0.0003276539973787,0.0049148099606815,0.0029488859764089,0.0,0.0004914809960681,0.0001638269986893,0.0001638269986893,0.0001638269986893,0.0,0.0003276539973787,0.0
2023-06-01,2023,6,58,1,1,0,26,1,24,0,24,0,32,28,0,1,1,0,0,0,0,1,176,176,198,5726,0.0101292350681103,0.0001746419839329,0.0001746419839329,0.0,0.0045406915822563,0.0001746419839329,0.0041914076143905,0.0,0.0041914076143905,0.0,0.0055885434858539,0.0048899755501222,0.0,0.0001746419839329,0.0001746419839329,0.0,0.0,0.0,0.0,0.0001746419839329
2023-07-01,2023,7,56,1,1,0,22,0,25,0,20,2,32,18,0,3,0,0,3,0,0,0,163,163,183,5218,0.0107320812571866,0.000191644308164,0.000191644308164,0.0,0.004216174779609,0.0,0.0047911077041011,0.0,0.0038328861632809,0.000383288616328,0.0061326178612495,0.0034495975469528,0.0,0.0005749329244921,0.0,0.0,0.0005749329244921,0.0,0.0,0.0
2023-08-01,2023,8,117,0,0,0,29,0,38,0,24,2,29,29,0,5,3,2,2,0,0,0,262,262,280,5672,0.0206276445698166,0.0,0.0,0.0,0.0051128349788434,0.0,0.0066995768688293,0.0,0.004231311706629,0.0003526093088857,0.0051128349788434,0.0051128349788434,0.0,0.0008815232722143,0.0005289139633286,0.0003526093088857,0.0003526093088857,0.0,0.0,0.0
2023-09-01,2023,9,29,0,4,0,26,1,17,1,14,3,37,9,0,1,2,0,1,0,1,1,131,131,147,6399,0.004531958118456,0.0,0.0006250976715111,0.0,0.0040631348648226,0.0001562744178777,0.0026566651039224,0.0001562744178777,0.0021878418502891,0.0004688232536333,0.0057821534614783,0.0014064697609001,0.0,0.0001562744178777,0.0003125488357555,0.0,0.0001562744178777,0.0,0.0001562744178777,0.0001562744178777
2023-10-01,2023,10,36,0,4,1,32,0,27,0,15,3,35,8,2,2,2,1,3,0,1,0,156,156,172,6302,0.0057124722310377,0.0,0.0006347191367819,0.0001586797841954,0.0050777530942557,0.0,0.0042843541732783,0.0,0.0023801967629324,0.0004760393525864,0.0055537924468422,0.0012694382735639,0.0003173595683909,0.0003173595683909,0.0003173595683909,0.0001586797841954,0.0004760393525864,0.0,0.0001586797841954,0.0
2023-11-01,2023,11,37,0,8,1,27,0,25,1,18,5,31,18,0,5,2,2,2,0,0,0,158,158,182,6267,0.0059039412797191,0.0,0.0012765278442636,0.0001595659805329,0.0043082814743896,0.0,0.0039891495133237,0.0001595659805329,0.0028721876495931,0.0007978299026647,0.0049465453965214,0.0028721876495931,0.0,0.0007978299026647,0.0003191319610659,0.0003191319610659,0.0003191319610659,0.0,0.0,0.0
2023-12-01,2023,12,52,1,5,0,38,1,21,0,13,4,37,24,1,3,4,0,6,0,0,1,191,191,211,6007,0.0086565673381055,0.0001664724488097,0.0008323622440486,0.0,0.0063259530547694,0.0001664724488097,0.0034959214250041,0.0,0.0021641418345263,0.0006658897952388,0.0061594806059597,0.0039953387714333,0.0001664724488097,0.0004994173464291,0.0006658897952388,0.0,0.0009988346928583,0.0,0.0,0.0001664724488097
2024-01-01,2024,1,34,0,0,0,39,0,25,0,19,1,21,19,0,2,1,1,2,0,0,2,148,148,166,5838,0.0058239122987324,0.0,0.0,0.0,0.0066803699897225,0.0,0.0042822884549503,0.0,0.0032545392257622,0.000171291538198,0.0035971223021582,0.0032545392257622,0.0,0.000342583076396,0.000171291538198,0.000171291538198,0.000342583076396,0.0,0.0,0.000342583076396
2024-02-01,2024,2,22,0,2,0,23,0,17,0,14,0,26,12,0,9,3,1,0,1,1,2,117,117,133,5766,0.0038154699965313,0.0,0.0003468609087755,0.0,0.0039889004509191,0.0,0.0029483177245924,0.0,0.002428026361429,0.0,0.0045091918140825,0.0020811654526534,0.0,0.0015608740894901,0.0005202913631633,0.0001734304543877,0.0,0.0001734304543877,0.0001734304543877,0.0003468609087755
2024-03-01,2024,3,25,0,4,2,35,0,21,0,13,2,37,12,1,4,2,2,2,0,0,0,140,140,162,5693,0.0043913578078341,0.0,0.0007026172492534,0.0003513086246267,0.0061479009309678,0.0,0.0036887405585807,0.0,0.0022835060600737,0.0003513086246267,0.0064992095555945,0.0021078517477604,0.0001756543123133,0.0007026172492534,0.0003513086246267,0.0003513086246267,0.0003513086246267,0.0,0.0,0.0
2024-04-01,2024,4,25,0,4,0,40,0,16,1,21,1,28,15,0,4,4,0,2,0,0,0,145,145,161,5875,0.0042553191489361,0.0,0.0006808510638297,0.0,0.0068085106382978,0.0,0.0027234042553191,0.0001702127659574,0.0035744680851063,0.0001702127659574,0.0047659574468085,0.0025531914893617,0.0,0.0006808510638297,0.0006808510638297,0.0,0.0003404255319148,0.0,0.0,0.0
2024-05-01,2024,5,52,0,2,0,18,0,20,0,13,0,27,19,0,1,3,1,0,0,0,0,144,144,156,6289,0.0082684051518524,0.0,0.0003180155827635,0.0,0.0028621402448719,0.0,0.0031801558276355,0.0,0.0020671012879631,0.0,0.0042932103673079,0.0030211480362537,0.0,0.0001590077913817,0.0004770233741453,0.0001590077913817,0.0,0.0,0.0,0.0
2024-06-01,2024,6,77,0,5,0,27,0,15,0,13,2,32,17,0,0,4,1,2,0,0,0,173,173,195,6092,0.0126395272488509,0.0,0.0008207485226526,0.0,0.0044320420223243,0.0,0.0024622455679579,0.0,0.0021339461588969,0.000328299409061,0.005252790544977,0.002790544977019,0.0,0.0,0.0006565988181221,0.0001641497045305,0.000328299409061,0.0,0.0,0.0
2024-07-01,2024,7,46,0,4,0,37,1,34,0,22,1,57,26,0,0,0,3,4,0,4,1,218,218,240,5407,0.0085074902903643,0.0,0.0007397817643795,0.0,0.0068429813205104,0.0001849454410948,0.0062881449972258,0.0,0.0040687997040872,0.0001849454410948,0.0105418901424079,0.0048085814684668,0.0,0.0,0.0,0.0005548363232846,0.0007397817643795,0.0,0.0007397817643795,0.0001849454410948
2024-08-01,2024,8,43,0,1,0,21,0,26,0,23,3,40,38,1,1,2,1,1,0,0,0,183,183,201,5004,0.0085931254996003,0.0,0.0001998401278976,0.0,0.0041966426858513,0.0,0.0051958433253397,0.0,0.0045963229416466,0.000599520383693,0.0079936051159072,0.0075939248601119,0.0001998401278976,0.0001998401278976,0.0003996802557953,0.0001998401278976,0.0001998401278976,0.0,0.0,0.0
2024-09-01,2024,9,129,0,6,2,32,0,28,7,55,2,51,46,0,4,1,1,2,0,1,0,325,325,367,5574,0.0231431646932185,0.0,0.0010764262648008,0.0003588087549336,0.0057409400789379,0.0,0.0050233225690706,0.0012558306422676,0.0098672407606745,0.0003588087549336,0.0091496232508073,0.0082526013634732,0.0,0.0007176175098672,0.0001794043774668,0.0001794043774668,0.0003588087549336,0.0,0.0001794043774668,0.0
2024-10-01,2024,10,16,0,4,0,27,0,31,1,23,3,32,17,1,2,5,0,3,0,0,0,144,144,165,6325,0.0025296442687747,0.0,0.0006324110671936,0.0,0.0042687747035573,0.0,0.0049011857707509,0.0001581027667984,0.0036363636363636,0.0004743083003952,0.0050592885375494,0.0026877470355731,0.0001581027667984,0.0003162055335968,0.000790513833992,0.0,0.0004743083003952,0.0,0.0,0.0
2024-11-01,2024,11,14,0,3,0,17,0,20,0,16,1,29,5,0,3,1,0,4,0,0,1,104,104,114,5820,0.0024054982817869,0.0,0.0005154639175257,0.0,0.0029209621993127,0.0,0.0034364261168384,0.0,0.0027491408934707,0.0001718213058419,0.0049828178694158,0.0008591065292096,0.0,0.0005154639175257,0.0001718213058419,0.0,0.0006872852233676,0.0,0.0,0.0001718213058419
2024-12-01,2024,12,14,0,1,1,22,0,13,1,17,0,30,5,0,1,0,0,2,0,3,0,96,96,110,5393,0.0025959577229742,0.0,0.000185425551641,0.000185425551641,0.0040793621361023,0.0,0.0024105321713332,0.000185425551641,0.0031522343778972,0.0,0.0055627665492304,0.000927127758205,0.0,0.000185425551641,0.0,0.0,0.000370851103282,0.0,0.000556276654923,0.0
2025-01-01,2025,1,15,0,3,0,13,0,18,0,11,3,21,9,0,0,1,0,0,0,1,0,82,82,95,5187,0.0028918449971081,0.0,0.0005783689994216,0.0,0.0025062656641604,0.0,0.0034702139965297,0.0,0.0021206863312126,0.0005783689994216,0.0040485829959514,0.0017351069982648,0.0,0.0,0.0001927896664738,0.0,0.0,0.0,0.0001927896664738,0.0
2025-02-01,2025,2,18,0,2,1,23,0,29,0,11,1,24,12,0,3,0,0,2,0,1,0,115,115,127,5242,0.0034338038916444,0.0,0.0003815337657382,0.0001907668828691,0.00438763830599,0.0,0.0055322396032048,0.0,0.0020984357115604,0.0001907668828691,0.0045784051888592,0.0022892025944296,0.0,0.0005723006486074,0.0,0.0,0.0003815337657382,0.0,0.0001907668828691,0.0
2025-03-01,2025,3,26,1,5,0,35,0,18,0,19,4,30,10,1,1,0,0,1,0,2,1,143,143,154,6154,0.0042248943776405,0.0001624959376015,0.0008124796880077,0.0,0.0056873578160545,0.0,0.002924926876828,0.0,0.0030874228144296,0.0006499837504062,0.0048748781280467,0.0016249593760155,0.0001624959376015,0.0001624959376015,0.0,0.0,0.0001624959376015,0.0,0.0003249918752031,0.0001624959376015
2025-04-01,2025,4,18,0,1,0,24,0,19,1,11,2,23,4,0,0,1,0,1,0,2,0,96,96,107,5481,0.0032840722495894,0.0,0.0001824484583105,0.0,0.0043787629994526,0.0,0.0034665207079,0.0001824484583105,0.0020069330414158,0.000364896916621,0.0041963145411421,0.0007297938332421,0.0,0.0,0.0001824484583105,0.0,0.0001824484583105,0.0,0.000364896916621,0.0
2025-05-01,2025,5,19,0,1,1,11,0,14,1,10,1,22,8,0,2,1,2,0,0,1,0,86,86,94,5645,0.0033658104517271,0.0,0.0001771479185119,0.0001771479185119,0.0019486271036315,0.0,0.0024800708591674,0.0001771479185119,0.0017714791851195,0.0001771479185119,0.003897254207263,0.0014171833480956,0.0,0.0003542958370239,0.0001771479185119,0.0003542958370239,0.0,0.0,0.0001771479185119,0.0
2025-06-01,2025,6,26,0,3,0,8,0,26,1,20,2,25,38,0,1,5,0,1,0,1,1,143,143,158,5857,0.0044391326617722,0.0,0.0005122076148198,0.0,0.0013658869728529,0.0,0.0044391326617722,0.0001707358716066,0.0034147174321324,0.0003414717432132,0.0042683967901656,0.0064879631210517,0.0,0.0001707358716066,0.0008536793580331,0.0,0.0001707358716066,0.0,0.0001707358716066,0.0001707358716066
2025-07-01,2025,7,61,0,2,0,14,0,17,1,23,3,31,16,0,3,0,1,2,0,0,0,160,160,174,5731,0.0106438666899319,0.0,0.0003489792357354,0.0,0.0024428546501483,0.0,0.0029663235037515,0.0001744896178677,0.0040132612109579,0.0005234688536032,0.0054091781538998,0.0027918338858837,0.0,0.0005234688536032,0.0,0.0001744896178677,0.0003489792357354,0.0,0.0,0.0
2025-08-01,2025,8,24,1,2,1,9,0,10,0,9,3,15,16,0,2,2,0,1,0,0,0,83,83,95,4788,0.0050125313283208,0.0002088554720133,0.0004177109440267,0.0002088554720133,0.0018796992481203,0.0,0.0020885547201336,0.0,0.0018796992481203,0.0006265664160401,0.0031328320802005,0.0033416875522138,0.0,0.0004177109440267,0.0004177109440267,0.0,0.0002088554720133,0.0,0.0,0.0
2025-09-01,2025,9,8,1,0,0,12,0,3,0,6,0,8,4,0,1,0,0,0,0,0,0,40,40,43,4499,0.0017781729273171,0.0002222716159146,0.0,0.0,0.0026672593909757,0.0,0.0006668148477439,0.0,0.0013336296954878,0.0,0.0017781729273171,0.0008890864636585,0.0,0.0002222716159146,0.0,0.0,0.0,0.0,0.0,0.0
2025-10-01,2025,10,5,0,0,0,6,0,3,0,5,2,11,1,0,0,0,0,1,0,0,0,29,29,34,2752,0.0018168604651162,0.0,0.0,0.0,0.0021802325581395,0.0,0.0010901162790697,0.0,0.0018168604651162,0.0007267441860465,0.0039970930232558,0.0003633720930232,0.0,0.0,0.0,0.0,0.0003633720930232,0.0,0.0,0.0
2025-11-01,2025,11,3,0,0,0,2,0,2,0,2,0,2,1,1,0,0,0,0,0,0,0,12,12,13,606,0.0049504950495049,0.0,0.0,0.0,0.0033003300330033,0.0,0.0033003300330033,0.0,0.0033003300330033,0.0,0.0033003300330033,0.0016501650165016,0.0016501650165016,0.0,0.0,0.0,0.0,0.0,0.0,0.0
2025-12-01,2025,12,0,0,0,0,0,0,0,0,0,0,0,0,0,0,0,0,0,0,0,0,0,0,0,0,,,,,,,,,,,,,,,,,,,,
2026-01-01,2026,1,0,0,0,0,0,0,0,0,0,0,0,0,0,0,0,0,0,0,0,0,0,0,0,0,,,,,,,,,,,,,,,,,,,,
