country,influencer,date,arms_transfer_security_aid_assistance,bribery_economic_corruption,diaspora_activation,diplomatic_mediation,diplomatic_recognition,diplomatic_sanction,diplomatic_statement,diplomatic_visit,economic_aid_assistance,intelligence_counterintelligence,investment,joint_security_force_exercise,media_campaign_intervention,political_process_policy_intervention,professional_cultural_exchange,security_cooperation,security_force_facility_presence,surveillance,tech_transfer_investment,trade_agreement_exchange,trade_financial_sanction,transnational_organization_crime,rai_999,total_articles,arms_transfer_security_aid_assistanceNorm,bribery_economic_corruptionNorm,diaspora_activationNorm,diplomatic_mediationNorm,diplomatic_recognitionNorm,diplomatic_sanctionNorm,diplomatic_statementNorm,diplomatic_visitNorm,economic_aid_assistanceNorm,intelligence_counterintelligenceNorm,investmentNorm,joint_security_force_exerciseNorm,media_campaign_interventionNorm,political_process_policy_interventionNorm,professional_cultural_exchangeNorm,security_cooperationNorm,security_force_facility_presenceNorm,surveillanceNorm,tech_transfer_investmentNorm,trade_agreement_exchangeNorm,trade_financial_sanctionNorm,transnational_organization_crimeNorm
Belarus,Russia,2012-01-01,0,1,0,0,0,0,0,1,0,0,3,0,1,0,11,2,1,0,1,2,3,0,4384,4410,0,2.2675736961451248e-4,0,0,0,0,0,2.2675736961451248e-4,0,0,6.802721088435374e-4,0,2.2675736961451248e-4,0,0.002494331065759637,4.5351473922902497e-4,2.2675736961451248e-4,0,2.2675736961451248e-4,4.5351473922902497e-4,6.802721088435374e-4,0
Belarus,Russia,2012-02-01,1,0,0,0,0,1,2,0,0,0,7,0,1,0,22,1,1,0,0,1,3,0,4890,4930,0.00020283975659229209,0,0,0,0,0.00020283975659229209,0.00040567951318458417,0,0,0,0.0014198782961460446,0,0.00020283975659229209,0,0.004462474645030426,0.00020283975659229209,0.00020283975659229209,0,0,0.00020283975659229209,6.085192697768763e-4,0
Belarus,Russia,2012-03-01,0,0,2,0,0,1,3,3,0,0,3,0,0,1,14,4,0,0,0,3,14,0,4914,4962,0,0,4.0306328093510683e-4,0,0,2.0153164046755341e-4,6.045949214026602e-4,6.045949214026602e-4,0,0,6.045949214026602e-4,0,0,2.0153164046755341e-4,0.0028214429665457475,8.061265618702137e-4,0,0,0,6.045949214026602e-4,0.0028214429665457475,0
Belarus,Russia,2012-04-01,0,0,1,0,0,1,0,0,0,1,2,0,0,1,18,2,0,0,0,2,6,0,4277,4311,0,0,2.3196474135931338e-4,0,0,2.3196474135931338e-4,0,0,0,2.3196474135931338e-4,4.6392948271862676e-4,0,0,2.3196474135931338e-4,0.0041753653444676405,4.6392948271862676e-4,0,0,0,4.6392948271862676e-4,0.0013917884481558804,0
Belarus,Russia,2012-05-01,1,0,0,0,1,1,1,8,1,0,4,0,0,0,21,3,0,0,0,1,2,0,4647,4691,2.1317416329140907e-4,0,0,0,2.1317416329140907e-4,2.1317416329140907e-4,2.1317416329140907e-4,0.0017053933063312726,2.1317416329140907e-4,0,8.526966531656363e-4,0,0,0,0.004476657429119591,6.395224898742272e-4,0,0,0,2.1317416329140907e-4,4.2634832658281814e-4,0
Belarus,Russia,2012-06-01,0,0,1,0,3,0,2,5,1,0,13,1,0,0,24,2,0,0,1,4,14,0,4848,4919,0,0,2.0329335230737954e-4,0,6.098800569221387e-4,0,4.065867046147591e-4,0.0010164667615368977,2.0329335230737954e-4,0,0.002642813579995934,2.0329335230737954e-4,0,0,0.00487904045537711,4.065867046147591e-4,0,0,2.0329335230737954e-4,8.131734092295182e-4,0.0028461069323033137,0
Belarus,Russia,2012-07-01,0,1,2,0,1,2,1,1,2,1,8,2,0,1,13,2,0,0,0,0,3,0,4856,4896,0,2.042483660130719e-4,4.084967320261438e-4,0,2.042483660130719e-4,4.084967320261438e-4,2.042483660130719e-4,2.042483660130719e-4,4.084967320261438e-4,2.042483660130719e-4,0.0016339869281045752,4.084967320261438e-4,0,2.042483660130719e-4,0.0026552287581699347,4.084967320261438e-4,0,0,0,0,6.127450980392157e-4,0
Belarus,Russia,2012-08-01,1,0,0,0,2,2,4,1,0,0,7,0,0,2,14,2,0,0,0,0,2,0,5531,5568,1.7959770114942528e-4,0,0,0,3.5919540229885057e-4,3.5919540229885057e-4,7.183908045977011e-4,1.7959770114942528e-4,0,0,0.001257183908045977,0,0,3.5919540229885057e-4,0.002514367816091954,3.5919540229885057e-4,0,0,0,0,3.5919540229885057e-4,0
Belarus,Russia,2012-09-01,1,0,0,0,8,0,0,4,0,0,7,2,1,4,27,1,0,0,1,1,5,0,4938,5000,2e-4,0,0,0,0.0016,0,0,8e-4,0,0,0.0014,4e-4,2e-4,8e-4,0.0054,2e-4,0,0,2e-4,2e-4,0.001,0
Belarus,Russia,2012-10-01,0,0,0,0,3,1,1,5,0,0,10,0,1,2,22,4,1,0,0,1,6,0,5691,5748,0,0,0,0,5.219206680584551e-4,1.7397355601948505e-4,1.7397355601948505e-4,8.698677800974252e-4,0,0,0.0017397355601948504,0,1.7397355601948505e-4,3.479471120389701e-4,0.003827418232428671,6.958942240779402e-4,1.7397355601948505e-4,0,0,1.7397355601948505e-4,0.0010438413361169101,0
Belarus,Russia,2012-11-01,0,2,1,0,1,2,1,1,0,0,24,1,1,1,34,2,0,0,1,1,4,0,5981,6058,0,3.301419610432486e-4,1.650709805216243e-4,0,1.650709805216243e-4,3.301419610432486e-4,1.650709805216243e-4,1.650709805216243e-4,0,0,0.003961703532518983,1.650709805216243e-4,1.650709805216243e-4,1.650709805216243e-4,0.005612413337735226,3.301419610432486e-4,0,0,1.650709805216243e-4,1.650709805216243e-4,6.602839220864972e-4,0
Belarus,Russia,2012-12-01,4,2,0,0,2,1,1,5,0,1,17,0,1,1,27,1,0,0,1,1,2,0,5603,5670,7.054673721340388e-4,3.527336860670194e-4,0,0,3.527336860670194e-4,1.763668430335097e-4,1.763668430335097e-4,8.818342151675485e-4,0,1.763668430335097e-4,0.002998236331569665,0,1.763668430335097e-4,1.763668430335097e-4,0.004761904761904762,1.763668430335097e-4,0,0,1.763668430335097e-4,1.763668430335097e-4,3.527336860670194e-4,0
Belarus,Russia,2013-01-01,1,0,0,0,1,0,0,0,0,0,12,0,1,1,27,5,0,1,0,1,4,0,5812,5866,1.7047391749062393e-4,0,0,0,1.7047391749062393e-4,0,0,0,0,0,0.002045687009887487,0,1.7047391749062393e-4,1.7047391749062393e-4,0.004602795772246846,8.523695874531196e-4,0,1.7047391749062393e-4,0,1.7047391749062393e-4,6.818956699624957e-4,0
Belarus,Russia,2013-02-01,0,1,0,0,0,1,0,2,0,0,11,2,0,0,30,1,0,1,2,1,2,0,5462,5516,0,1.8129079042784627e-4,0,0,0,1.8129079042784627e-4,0,3.6258158085569254e-4,0,0,0.001994198694706309,3.6258158085569254e-4,0,0,0.005438723712835388,1.8129079042784627e-4,0,1.8129079042784627e-4,3.6258158085569254e-4,1.8129079042784627e-4,3.6258158085569254e-4,0
Belarus,Russia,2013-03-01,1,0,0,0,0,2,0,1,0,0,7,1,0,0,33,1,0,1,0,1,2,0,5754,5804,1.7229496898690558e-4,0,0,0,0,3.4458993797381116e-4,0,1.7229496898690558e-4,0,0,0.001206064782908339,1.7229496898690558e-4,0,0,0.005685733976567884,1.7229496898690558e-4,0,1.7229496898690558e-4,0,1.7229496898690558e-4,3.4458993797381116e-4,0
Belarus,Russia,2013-04-01,2,0,0,0,0,1,2,3,1,0,13,3,1,0,31,6,9,0,2,1,3,1,6037,6116,3.270111183780249e-4,0,0,0,0,1.6350555918901244e-4,3.270111183780249e-4,4.905166775670373e-4,1.6350555918901244e-4,0,0.0021255722694571615,4.905166775670373e-4,1.6350555918901244e-4,0,0.005068672334859386,9.810333551340746e-4,0.0014715500327011119,0,3.270111183780249e-4,1.6350555918901244e-4,4.905166775670373e-4,1.6350555918901244e-4
Belarus,Russia,2013-05-01,0,0,0,0,0,0,0,4,0,0,8,1,0,0,35,4,0,0,1,1,5,0,5107,5166,0,0,0,0,0,0,0,7.742934572202865e-4,0,0,0.001548586914440573,1.9357336430507162e-4,0,0,0.006775067750677507,7.742934572202865e-4,0,0,1.9357336430507162e-4,1.9357336430507162e-4,9.678668215253581e-4,0
Belarus,Russia,2013-06-01,1,0,0,0,1,1,1,8,0,0,7,1,1,0,46,5,5,0,0,0,3,0,5274,5354,1.8677624206200972e-4,0,0,0,1.8677624206200972e-4,1.8677624206200972e-4,1.8677624206200972e-4,0.0014942099364960778,0,0,0.001307433694434068,1.8677624206200972e-4,1.8677624206200972e-4,0,0.008591707134852447,9.338812103100486e-4,9.338812103100486e-4,0,0,0,5.603287261860292e-4,0
Belarus,Russia,2013-07-01,1,1,0,0,2,1,0,5,0,0,4,1,0,0,16,0,3,0,1,0,7,0,6359,6401,1.562255897516013e-4,1.562255897516013e-4,0,0,3.124511795032026e-4,1.562255897516013e-4,0,7.811279487580066e-4,0,0,6.249023590064052e-4,1.562255897516013e-4,0,0,0.002499609436025621,0,4.6867676925480396e-4,0,1.562255897516013e-4,0,0.0010935791282612093,0
Belarus,Russia,2013-08-01,0,0,1,0,1,4,0,0,0,0,9,1,0,0,26,5,0,0,0,0,10,0,6520,6577,0,0,1.520450053215752e-4,0,1.520450053215752e-4,6.081800212863008e-4,0,0,0,0,0.0013684050478941767,1.520450053215752e-4,0,0,0.003953170138360954,7.60225026607876e-4,0,0,0,0,0.001520450053215752,0
Belarus,Russia,2013-09-01,0,0,0,0,1,2,1,0,1,0,21,17,1,1,40,5,3,0,1,4,11,0,6837,6946,0,0,0,0,1.4396775122372588e-4,2.8793550244745177e-4,1.4396775122372588e-4,0,1.4396775122372588e-4,0,0.0030233227756982436,0.0024474517708033402,1.4396775122372588e-4,1.4396775122372588e-4,0.005758710048949035,7.198387561186294e-4,4.319032536711777e-4,0,1.4396775122372588e-4,5.758710048949035e-4,0.0015836452634609846,0
Belarus,Russia,2013-10-01,4,0,0,0,1,2,0,0,1,0,14,5,1,0,23,1,0,2,2,1,6,0,6884,6947,5.75788109975529e-4,0,0,0,1.4394702749388226e-4,2.878940549877645e-4,0,0,1.4394702749388226e-4,0,0.0020152583849143515,7.197351374694113e-4,1.4394702749388226e-4,0,0.0033107816323592917,1.4394702749388226e-4,0,2.878940549877645e-4,2.878940549877645e-4,1.4394702749388226e-4,8.636821649632935e-4,0
Belarus,Russia,2013-11-01,1,0,0,0,3,5,1,1,0,1,7,2,0,0,31,3,1,0,0,0,3,0,6636,6695,1.4936519790888724e-4,0,0,0,4.4809559372666166e-4,7.468259895444362e-4,1.4936519790888724e-4,1.4936519790888724e-4,0,1.4936519790888724e-4,0.0010455563853622107,2.987303958177745e-4,0,0,0.004630321135175504,4.4809559372666166e-4,1.4936519790888724e-4,0,0,0,4.4809559372666166e-4,0
Belarus,Russia,2013-12-01,2,0,0,0,0,0,0,12,5,1,14,0,2,0,35,1,0,0,0,3,0,0,6257,6332,3.158559696778269e-4,0,0,0,0,0,0,0.0018951358180669614,7.896399241945673e-4,1.5792798483891344e-4,0.0022109917877447885,0,3.158559696778269e-4,0,0.005527479469361971,1.5792798483891344e-4,0,0,0,4.7378395451674036e-4,0,0
Belarus,Russia,2014-01-01,4,0,0,0,2,1,1,1,2,1,6,0,2,0,11,2,0,2,0,0,6,0,5903,5944,6.729475100942127e-4,0,0,0,3.3647375504710633e-4,1.6823687752355316e-4,1.6823687752355316e-4,1.6823687752355316e-4,3.3647375504710633e-4,1.6823687752355316e-4,0.001009421265141319,0,3.3647375504710633e-4,0,0.0018506056527590848,3.3647375504710633e-4,0,3.3647375504710633e-4,0,0,0.001009421265141319,0
Belarus,Russia,2014-02-01,0,0,0,0,1,3,2,0,0,0,7,3,2,0,22,4,0,0,0,1,7,0,5633,5685,0,0,0,0,1.7590149516270889e-4,5.277044854881266e-4,3.5180299032541777e-4,0,0,0,0.0012313104661389623,5.277044854881266e-4,3.5180299032541777e-4,0,0.0038698328935795954,7.036059806508355e-4,0,0,0,1.7590149516270889e-4,0.0012313104661389623,0
Belarus,Russia,2014-03-01,3,0,0,0,5,4,2,1,0,1,8,6,1,1,27,2,3,1,0,1,15,1,5728,5810,5.163511187607573e-4,0,0,0,8.605851979345956e-4,6.884681583476765e-4,3.4423407917383823e-4,1.7211703958691912e-4,0,1.7211703958691912e-4,0.001376936316695353,0.0010327022375215145,1.7211703958691912e-4,1.7211703958691912e-4,0.004647160068846815,3.4423407917383823e-4,5.163511187607573e-4,1.7211703958691912e-4,0,1.7211703958691912e-4,0.0025817555938037868,1.7211703958691912e-4
Belarus,Russia,2014-04-01,2,1,0,0,0,1,10,5,0,2,13,2,1,0,30,9,0,3,0,1,10,0,6140,6230,3.2102728731942215e-4,1.6051364365971107e-4,0,0,0,1.6051364365971107e-4,0.0016051364365971107,8.025682182985554e-4,0,3.2102728731942215e-4,0.002086677367576244,3.2102728731942215e-4,1.6051364365971107e-4,0,0.004815409309791332,0.0014446227929373998,0,4.815409309791332e-4,0,1.6051364365971107e-4,0.0016051364365971107,0
Belarus,Russia,2014-05-01,2,2,0,0,0,2,5,3,1,0,4,2,8,1,21,2,0,4,1,3,6,0,6441,6508,3.0731407498463427e-4,3.0731407498463427e-4,0,0,0,3.0731407498463427e-4,7.682851874615857e-4,4.6097111247695143e-4,1.5365703749231714e-4,0,6.146281499692685e-4,3.0731407498463427e-4,0.001229256299938537,1.5365703749231714e-4,0.00322679778733866,3.0731407498463427e-4,0,6.146281499692685e-4,1.5365703749231714e-4,4.6097111247695143e-4,9.219422249539029e-4,0
Belarus,Russia,2014-06-01,2,1,0,0,4,1,1,3,2,0,6,1,1,0,46,3,4,0,1,0,6,2,5934,6018,3.3233632436025255e-4,1.6616816218012627e-4,0,0,6.646726487205051e-4,1.6616816218012627e-4,1.6616816218012627e-4,4.985044865403788e-4,3.3233632436025255e-4,0,9.970089730807576e-4,1.6616816218012627e-4,1.6616816218012627e-4,0,0.007643735460285809,4.985044865403788e-4,6.646726487205051e-4,0,1.6616816218012627e-4,0,9.970089730807576e-4,3.3233632436025255e-4
Belarus,Russia,2014-07-01,5,0,0,0,2,1,0,1,0,0,4,0,1,0,20,4,0,0,0,0,9,0,5233,5280,9.46969696969697e-4,0,0,0,3.787878787878788e-4,1.893939393939394e-4,0,1.893939393939394e-4,0,0,7.575757575757576e-4,0,1.893939393939394e-4,0,0.003787878787878788,7.575757575757576e-4,0,0,0,0,0.0017045454545454545,0
Belarus,Russia,2014-08-01,1,0,1,0,1,0,2,16,2,0,5,6,2,0,18,0,7,0,0,0,38,0,5119,5218,1.9164430816404754e-4,0,1.9164430816404754e-4,0,1.9164430816404754e-4,0,3.832886163280951e-4,0.0030663089306247606,3.832886163280951e-4,0,9.582215408202376e-4,0.0011498658489842851,3.832886163280951e-4,0,0.0034495975469528554,0,0.0013415101571483327,0,0,0,0.007282483710233806,0
Belarus,Russia,2014-09-01,0,1,0,0,1,2,3,0,3,0,10,0,1,0,18,5,3,0,0,0,21,2,5170,5240,0,1.9083969465648855e-4,0,0,1.9083969465648855e-4,3.816793893129771e-4,5.725190839694657e-4,0,5.725190839694657e-4,0,0.0019083969465648854,0,1.9083969465648855e-4,0,0.003435114503816794,9.541984732824427e-4,5.725190839694657e-4,0,0,0,0.00400763358778626,3.816793893129771e-4
Belarus,Russia,2014-10-01,7,0,0,0,0,3,0,1,0,0,7,1,2,2,36,3,5,0,1,3,17,0,5374,5462,0.001281581838154522,0,0,0,0,5.492493592090809e-4,0,1.830831197363603e-4,0,0,0.001281581838154522,1.830831197363603e-4,3.661662394727206e-4,3.661662394727206e-4,0.006590992310508971,5.492493592090809e-4,9.154155986818016e-4,0,1.830831197363603e-4,5.492493592090809e-4,0.0031124130355181254,0
Belarus,Russia,2014-11-01,2,0,0,0,0,1,0,1,0,0,14,0,0,1,28,4,0,0,1,0,21,1,4799,4873,4.104247896572953e-4,0,0,0,0,2.0521239482864764e-4,0,2.0521239482864764e-4,0,0,0.002872973527601067,0,0,2.0521239482864764e-4,0.005745947055202134,8.208495793145906e-4,0,0,2.0521239482864764e-4,0,0.004309460291401601,2.0521239482864764e-4
Belarus,Russia,2014-12-01,1,1,0,0,0,1,1,1,0,1,5,0,2,1,21,8,1,1,0,1,31,0,5596,5673,1.7627357659086903e-4,1.7627357659086903e-4,0,0,0,1.7627357659086903e-4,1.7627357659086903e-4,1.7627357659086903e-4,0,1.7627357659086903e-4,8.813678829543451e-4,0,3.5254715318173806e-4,1.7627357659086903e-4,0.0037017451084082496,0.0014101886127269522,1.7627357659086903e-4,1.7627357659086903e-4,0,1.7627357659086903e-4,0.00546448087431694,0
Belarus,Russia,2015-01-01,1,0,0,0,0,1,2,1,0,0,1,0,0,0,20,1,3,0,1,1,14,0,5237,5283,1.892863903085368e-4,0,0,0,0,1.892863903085368e-4,3.785727806170736e-4,1.892863903085368e-4,0,0,1.892863903085368e-4,0,0,0,0.0037857278061707365,1.892863903085368e-4,5.678591709256105e-4,0,1.892863903085368e-4,1.892863903085368e-4,0.0026500094643195156,0
Belarus,Russia,2015-02-01,5,0,0,0,0,0,9,8,1,0,5,0,2,0,19,5,2,0,1,0,13,1,5523,5594,8.93814801573114e-4,0,0,0,0,0,0.0016088666428316052,0.0014301036825169824,1.787629603146228e-4,0,8.93814801573114e-4,0,3.575259206292456e-4,0,0.0033964962459778333,8.93814801573114e-4,3.575259206292456e-4,0,1.787629603146228e-4,0,0.0023239184840900965,1.787629603146228e-4
Belarus,Russia,2015-03-01,1,1,0,0,1,1,1,6,5,0,3,1,1,0,22,1,4,1,2,3,10,1,4981,5046,1.9817677368212446e-4,1.9817677368212446e-4,0,0,1.9817677368212446e-4,1.9817677368212446e-4,1.9817677368212446e-4,0.0011890606420927466,9.908838684106222e-4,0,5.945303210463733e-4,1.9817677368212446e-4,1.9817677368212446e-4,0,0.004359889021006738,1.9817677368212446e-4,7.927070947284979e-4,1.9817677368212446e-4,3.9635354736424893e-4,5.945303210463733e-4,0.0019817677368212444,1.9817677368212446e-4
Belarus,Russia,2015-04-01,5,0,0,0,0,4,3,2,3,0,10,1,2,1,38,3,3,0,0,3,1,1,5421,5501,9.089256498818396e-4,0,0,0,0,7.271405199054717e-4,5.453553899291038e-4,3.6357025995273584e-4,5.453553899291038e-4,0,0.0018178512997636793,1.8178512997636792e-4,3.6357025995273584e-4,1.8178512997636792e-4,0.006907834939101982,5.453553899291038e-4,5.453553899291038e-4,0,0,5.453553899291038e-4,1.8178512997636792e-4,1.8178512997636792e-4
Belarus,Russia,2015-05-01,3,0,0,0,0,1,2,9,2,0,6,4,1,1,35,3,1,1,3,2,3,0,5022,5099,5.88350656991567e-4,0,0,0,0,1.9611688566385565e-4,3.922337713277113e-4,0.001765051970974701,3.922337713277113e-4,0,0.001176701313983134,7.844675426554226e-4,1.9611688566385565e-4,1.9611688566385565e-4,0.006864090998234948,5.88350656991567e-4,1.9611688566385565e-4,1.9611688566385565e-4,5.88350656991567e-4,3.922337713277113e-4,5.88350656991567e-4,0
Belarus,Russia,2015-06-01,2,1,0,0,2,2,5,5,1,0,2,4,2,0,33,2,4,1,1,0,12,0,5365,5444,3.673769287288758e-4,1.836884643644379e-4,0,0,3.673769287288758e-4,3.673769287288758e-4,9.184423218221896e-4,9.184423218221896e-4,1.836884643644379e-4,0,3.673769287288758e-4,7.347538574577516e-4,3.673769287288758e-4,0,0.006061719324026451,3.673769287288758e-4,7.347538574577516e-4,1.836884643644379e-4,1.836884643644379e-4,0,0.002204261572373255,0
Belarus,Russia,2015-07-01,0,1,0,0,1,1,0,1,11,0,8,2,0,4,42,0,2,0,0,0,5,0,5447,5525,0,1.8099547511312217e-4,0,0,1.8099547511312217e-4,1.8099547511312217e-4,0,1.8099547511312217e-4,0.001990950226244344,0,0.0014479638009049773,3.6199095022624434e-4,0,7.239819004524887e-4,0.007601809954751132,0,3.6199095022624434e-4,0,0,0,9.049773755656109e-4,0
Belarus,Russia,2015-08-01,3,2,0,0,1,1,4,0,1,1,6,1,0,1,22,1,5,1,3,0,8,0,5030,5091,5.892751915144372e-4,3.928501276762915e-4,0,0,1.9642506383814575e-4,1.9642506383814575e-4,7.85700255352583e-4,0,1.9642506383814575e-4,1.9642506383814575e-4,0.0011785503830288745,1.9642506383814575e-4,0,1.9642506383814575e-4,0.004321351404439206,1.9642506383814575e-4,9.821253191907287e-4,1.9642506383814575e-4,5.892751915144372e-4,0,0.001571400510705166,0
Belarus,Russia,2015-09-01,1,0,0,0,0,0,2,5,0,1,3,4,1,2,23,2,11,0,1,0,4,1,5537,5598,1.786352268667381e-4,0,0,0,0,0,3.572704537334762e-4,8.931761343336906e-4,0,1.786352268667381e-4,5.359056806002144e-4,7.145409074669524e-4,1.786352268667381e-4,3.572704537334762e-4,0.004108610217934977,3.572704537334762e-4,0.0019649874955341195,0,1.786352268667381e-4,0,7.145409074669524e-4,1.786352268667381e-4
Belarus,Russia,2015-10-01,4,0,2,0,0,2,2,2,2,0,7,1,0,3,37,7,24,0,1,0,10,0,6072,6176,6.476683937823834e-4,0,3.238341968911917e-4,0,0,3.238341968911917e-4,3.238341968911917e-4,3.238341968911917e-4,3.238341968911917e-4,0,0.0011334196891191709,1.6191709844559586e-4,0,4.8575129533678756e-4,0.005990932642487046,0.0011334196891191709,0.0038860103626943004,0,1.6191709844559586e-4,0,0.0016191709844559584,0
Belarus,Russia,2015-11-01,2,1,0,0,0,0,0,4,0,1,2,0,0,0,38,2,3,0,0,0,2,0,5308,5363,3.7292560134253216e-4,1.8646280067126608e-4,0,0,0,0,0,7.458512026850643e-4,0,1.8646280067126608e-4,3.7292560134253216e-4,0,0,0,0.007085586425508111,3.7292560134253216e-4,5.593884020137983e-4,0,0,0,3.7292560134253216e-4,0
Belarus,Russia,2015-12-01,2,0,1,0,1,1,0,5,0,1,2,0,0,0,40,4,3,0,0,0,19,0,5332,5411,3.6961744594344855e-4,0,1.8480872297172427e-4,0,1.8480872297172427e-4,1.8480872297172427e-4,0,9.240436148586213e-4,0,1.8480872297172427e-4,3.6961744594344855e-4,0,0,0,0.0073923489188689705,7.392348918868971e-4,5.544261689151728e-4,0,0,0,0.0035113657364627612,0
Belarus,Russia,2016-01-01,0,3,0,0,0,0,1,2,0,0,4,1,0,0,23,1,0,0,2,1,6,0,5000,5044,0,5.947660586835844e-4,0,0,0,0,1.9825535289452815e-4,3.965107057890563e-4,0,0,7.930214115781126e-4,1.9825535289452815e-4,0,0,0.004559873116574148,1.9825535289452815e-4,0,0,3.965107057890563e-4,1.9825535289452815e-4,0.0011895321173671688,0
Belarus,Russia,2016-02-01,2,2,0,0,0,3,2,3,3,0,3,0,1,0,32,3,0,0,0,0,5,0,5514,5573,3.5887313834559486e-4,3.5887313834559486e-4,0,0,0,5.383097075183922e-4,3.5887313834559486e-4,5.383097075183922e-4,5.383097075183922e-4,0,5.383097075183922e-4,0,1.7943656917279743e-4,0,0.005741970213529518,5.383097075183922e-4,0,0,0,0,8.971828458639871e-4,0
Belarus,Russia,2016-03-01,1,3,0,0,1,1,0,2,2,0,3,2,2,0,20,2,3,0,0,0,7,2,5930,5981,1.6719612104999163e-4,5.015883631499749e-4,0,0,1.6719612104999163e-4,1.6719612104999163e-4,0,3.3439224209998327e-4,3.3439224209998327e-4,0,5.015883631499749e-4,3.3439224209998327e-4,3.3439224209998327e-4,0,0.0033439224209998327,3.3439224209998327e-4,5.015883631499749e-4,0,0,0,0.0011703728473499416,3.3439224209998327e-4
Belarus,Russia,2016-04-01,4,0,0,0,1,1,3,0,0,0,2,0,2,0,22,2,2,0,0,1,4,0,5883,5927,6.748776784207862e-4,0,0,0,1.6871941960519654e-4,1.6871941960519654e-4,5.061582588155897e-4,0,0,0,3.374388392103931e-4,0,3.374388392103931e-4,0,0.0037118272313143245,3.374388392103931e-4,3.374388392103931e-4,0,0,1.6871941960519654e-4,6.748776784207862e-4,0
Belarus,Russia,2016-05-01,3,1,0,0,0,0,0,4,0,2,7,2,1,1,30,3,0,2,2,2,4,0,5432,5496,5.458515283842794e-4,1.819505094614265e-4,0,0,0,0,0,7.27802037845706e-4,0,3.63901018922853e-4,0.0012736535662299854,3.63901018922853e-4,1.819505094614265e-4,1.819505094614265e-4,0.0054585152838427945,5.458515283842794e-4,0,3.63901018922853e-4,3.63901018922853e-4,3.63901018922853e-4,7.27802037845706e-4,0
Belarus,Russia,2016-06-01,1,0,0,0,0,2,0,3,0,1,3,2,0,1,66,4,5,3,1,1,15,1,5857,5966,1.6761649346295676e-4,0,0,0,0,3.3523298692591353e-4,0,5.028494803888703e-4,0,1.6761649346295676e-4,5.028494803888703e-4,3.3523298692591353e-4,0,1.6761649346295676e-4,0.011062688568555145,6.704659738518271e-4,8.380824673147837e-4,5.028494803888703e-4,1.6761649346295676e-4,1.6761649346295676e-4,0.0025142474019443513,1.6761649346295676e-4
Belarus,Russia,2016-07-01,1,3,0,0,0,3,1,0,1,0,3,0,0,0,36,1,1,1,1,0,2,1,5370,5425,1.8433179723502304e-4,5.529953917050691e-4,0,0,0,5.529953917050691e-4,1.8433179723502304e-4,0,1.8433179723502304e-4,0,5.529953917050691e-4,0,0,0,0.0066359447004608295,1.8433179723502304e-4,1.8433179723502304e-4,1.8433179723502304e-4,1.8433179723502304e-4,0,3.686635944700461e-4,1.8433179723502304e-4
Belarus,Russia,2016-08-01,4,0,0,0,0,2,0,1,0,0,4,3,0,0,20,0,3,0,0,0,2,0,5931,5970,6.700167504187605e-4,0,0,0,0,3.3500837520938025e-4,0,1.6750418760469013e-4,0,0,6.700167504187605e-4,5.025125628140704e-4,0,0,0.0033500837520938024,0,5.025125628140704e-4,0,0,0,3.3500837520938025e-4,0
Belarus,Russia,2016-09-01,3,2,0,0,2,4,3,1,0,0,10,0,1,2,37,2,0,1,0,0,5,0,5858,5931,5.058168942842691e-4,3.372112628561794e-4,0,0,3.372112628561794e-4,6.744225257123588e-4,5.058168942842691e-4,1.686056314280897e-4,0,0,0.001686056314280897,0,1.686056314280897e-4,3.372112628561794e-4,0.0062384083628393185,3.372112628561794e-4,0,1.686056314280897e-4,0,0,8.430281571404484e-4,0
Belarus,Russia,2016-10-01,2,0,0,0,2,0,0,2,0,0,8,3,1,0,46,4,0,0,2,0,14,1,5500,5585,3.5810205908683976e-4,0,0,0,3.5810205908683976e-4,0,0,3.5810205908683976e-4,0,0,0.001432408236347359,5.371530886302597e-4,1.7905102954341988e-4,0,0.008236347358997314,7.162041181736795e-4,0,0,3.5810205908683976e-4,0,0.002506714413607878,1.7905102954341988e-4
Belarus,Russia,2016-11-01,6,0,0,0,0,1,2,9,0,0,9,5,5,0,42,3,0,1,1,0,4,0,5258,5346,0.001122334455667789,0,0,0,0,1.8705574261129816e-4,3.741114852225963e-4,0.0016835016835016834,0,0,0.0016835016835016834,9.352787130564908e-4,9.352787130564908e-4,0,0.007856341189674524,5.611672278338945e-4,0,1.8705574261129816e-4,1.8705574261129816e-4,0,7.482229704451926e-4,0
Belarus,Russia,2016-12-01,2,0,0,0,2,4,3,4,0,1,12,0,3,1,36,4,1,2,2,0,10,0,5779,5866,3.4094783498124785e-4,0,0,0,3.4094783498124785e-4,6.818956699624957e-4,5.114217524718718e-4,6.818956699624957e-4,0,1.7047391749062393e-4,0.002045687009887487,0,5.114217524718718e-4,1.7047391749062393e-4,0.006137061029662462,6.818956699624957e-4,1.7047391749062393e-4,3.4094783498124785e-4,3.4094783498124785e-4,0,0.0017047391749062393,0
Belarus,Russia,2017-01-01,1,0,0,0,0,6,1,0,0,0,15,0,3,0,29,4,0,1,1,0,5,1,5766,5833,1.7143836790673754e-4,0,0,0,0,0.001028630207440425,1.7143836790673754e-4,0,0,0,0.002571575518601063,0,5.143151037202125e-4,0,0.004971712669295389,6.857534716269502e-4,0,1.7143836790673754e-4,1.7143836790673754e-4,0,8.571918395336877e-4,1.7143836790673754e-4
Belarus,Russia,2017-02-01,2,0,0,0,4,6,2,5,1,0,19,1,0,0,28,4,3,0,0,1,8,1,5817,5902,3.3886818027787193e-4,0,0,0,6.777363605557439e-4,0.0010166045408336157,3.3886818027787193e-4,8.471704506946798e-4,1.6943409013893597e-4,0,0.0032192477126397833,1.6943409013893597e-4,0,0,0.004744154523890207,6.777363605557439e-4,5.083022704168078e-4,0,0,1.6943409013893597e-4,0.0013554727211114877,1.6943409013893597e-4
Belarus,Russia,2017-03-01,1,0,0,0,1,1,6,6,1,0,13,4,0,0,32,5,1,0,2,0,9,0,6839,6921,1.4448779078167894e-4,0,0,0,1.4448779078167894e-4,1.4448779078167894e-4,8.669267446900737e-4,8.669267446900737e-4,1.4448779078167894e-4,0,0.0018783412801618264,5.779511631267157e-4,0,0,0.004623609305013726,7.224389539083947e-4,1.4448779078167894e-4,0,2.8897558156335787e-4,0,0.0013003901170351106,0
Belarus,Russia,2017-04-01,7,0,0,0,0,2,4,2,5,0,18,4,2,0,32,3,2,1,1,2,10,0,5551,5646,0.0012398157987956076,0,0,0,0,3.5423308537017357e-4,7.084661707403471e-4,3.5423308537017357e-4,8.85582713425434e-4,0,0.003188097768331562,7.084661707403471e-4,3.5423308537017357e-4,0,0.005667729365922777,5.313496280552603e-4,3.5423308537017357e-4,1.7711654268508679e-4,1.7711654268508679e-4,3.5423308537017357e-4,0.001771165426850868,0
Belarus,Russia,2017-05-01,1,1,1,0,1,4,1,1,1,0,5,4,0,0,36,0,2,0,0,0,4,0,5355,5417,1.8460402436773122e-4,1.8460402436773122e-4,1.8460402436773122e-4,0,1.8460402436773122e-4,7.384160974709249e-4,1.8460402436773122e-4,1.8460402436773122e-4,1.8460402436773122e-4,0,9.230201218386561e-4,7.384160974709249e-4,0,0,0.006645744877238324,0,3.6920804873546244e-4,0,0,0,7.384160974709249e-4,0
Belarus,Russia,2017-06-01,8,1,0,0,6,2,2,7,1,0,21,6,0,0,38,4,2,1,2,0,5,0,5530,5636,0.0014194464158978,1.77430801987225e-4,0,0,0.0010645848119233499,3.5486160397445e-4,3.5486160397445e-4,0.001242015613910575,1.77430801987225e-4,0,0.0037260468417317245,0.0010645848119233499,0,0,0.00674237047551455,7.097232079489e-4,3.5486160397445e-4,1.77430801987225e-4,3.5486160397445e-4,0,8.871540099361249e-4,0
Belarus,Russia,2017-07-01,4,0,0,0,2,2,4,1,0,0,2,8,0,0,29,3,1,1,2,0,2,0,5228,5289,7.562866326337682e-4,0,0,0,3.781433163168841e-4,3.781433163168841e-4,7.562866326337682e-4,1.8907165815844205e-4,0,0,3.781433163168841e-4,0.0015125732652675364,0,0,0.00548307808659482,5.672149744753262e-4,1.8907165815844205e-4,1.8907165815844205e-4,3.781433163168841e-4,0,3.781433163168841e-4,0
Belarus,Russia,2017-08-01,0,1,0,0,0,2,1,0,4,1,4,23,1,1,24,3,2,0,2,0,4,2,5951,6026,0,1.6594756057085962e-4,0,0,0,3.3189512114171923e-4,1.6594756057085962e-4,0,6.637902422834385e-4,1.6594756057085962e-4,6.637902422834385e-4,0.003816793893129771,1.6594756057085962e-4,1.6594756057085962e-4,0.003982741453700631,4.978426817125788e-4,3.3189512114171923e-4,0,3.3189512114171923e-4,0,6.637902422834385e-4,3.3189512114171923e-4
Belarus,Russia,2017-09-01,3,2,0,0,4,2,0,1,4,0,10,51,1,1,26,3,5,1,0,0,7,0,5543,5664,5.296610169491525e-4,3.5310734463276836e-4,0,0,7.062146892655367e-4,3.5310734463276836e-4,0,1.7655367231638418e-4,7.062146892655367e-4,0,0.0017655367231638418,0.009004237288135594,1.7655367231638418e-4,1.7655367231638418e-4,0.004590395480225989,5.296610169491525e-4,8.827683615819209e-4,1.7655367231638418e-4,0,0,0.0012358757062146894,0
Belarus,Russia,2017-10-01,2,1,0,0,0,1,0,3,0,0,7,7,2,0,23,0,2,3,0,0,4,0,5599,5654,3.5373187124159886e-4,1.7686593562079943e-4,0,0,0,1.7686593562079943e-4,0,5.305978068623983e-4,0,0,0.001238061549345596,0.001238061549345596,3.5373187124159886e-4,0,0.004067916519278387,0,3.5373187124159886e-4,5.305978068623983e-4,0,0,7.074637424831977e-4,0
Belarus,Russia,2017-11-01,0,0,0,0,7,1,1,4,0,0,5,0,2,0,24,3,1,0,0,0,2,1,5635,5686,0,0,0,0,0.0012310939148786493,1.7587055926837847e-4,1.7587055926837847e-4,7.034822370735139e-4,0,0,8.793527963418924e-4,0,3.5174111853675694e-4,0,0.004220893422441084,5.276116778051355e-4,1.7587055926837847e-4,0,0,0,3.5174111853675694e-4,1.7587055926837847e-4
Belarus,Russia,2017-12-01,3,0,1,0,2,2,2,2,0,0,7,0,2,1,36,2,0,1,0,1,4,0,5462,5528,5.426917510853835e-4,0,1.808972503617945e-4,0,3.61794500723589e-4,3.61794500723589e-4,3.61794500723589e-4,3.61794500723589e-4,0,0,0.0012662807525325615,0,3.61794500723589e-4,1.808972503617945e-4,0.006512301013024602,3.61794500723589e-4,0,1.808972503617945e-4,0,1.808972503617945e-4,7.23589001447178e-4,0
Belarus,Russia,2018-01-01,2,0,1,0,7,0,0,0,0,0,2,0,1,2,31,0,1,0,1,0,4,0,6482,6534,3.0609121518212427e-4,0,1.5304560759106213e-4,0,0.0010713192531374349,0,0,0,0,0,3.0609121518212427e-4,0,1.5304560759106213e-4,3.0609121518212427e-4,0.0047444138353229266,0,1.5304560759106213e-4,0,1.5304560759106213e-4,0,6.121824303642485e-4,0
Belarus,Russia,2018-02-01,1,1,0,0,4,4,2,2,0,1,8,0,4,0,33,1,1,2,1,0,14,0,6365,6444,1.5518311607697082e-4,1.5518311607697082e-4,0,0,6.207324643078833e-4,6.207324643078833e-4,3.1036623215394165e-4,3.1036623215394165e-4,0,1.5518311607697082e-4,0.0012414649286157666,0,6.207324643078833e-4,0,0.005121042830540037,1.5518311607697082e-4,1.5518311607697082e-4,3.1036623215394165e-4,1.5518311607697082e-4,0,0.0021725636250775914,0
Belarus,Russia,2018-03-01,0,1,0,0,1,3,0,0,0,0,5,2,1,6,39,3,0,1,0,0,9,0,6727,6798,0,1.4710208884966165e-4,0,0,1.4710208884966165e-4,4.41306266548985e-4,0,0,0,0,7.355104442483084e-4,2.942041776993233e-4,1.4710208884966165e-4,8.8261253309797e-4,0.005736981465136805,4.41306266548985e-4,0,1.4710208884966165e-4,0,0,0.001323918799646955,0
Belarus,Russia,2018-04-01,1,0,1,0,3,3,0,1,0,0,5,2,2,1,33,2,0,0,2,0,4,0,5782,5842,1.7117425539198904e-4,0,1.7117425539198904e-4,0,5.135227661759672e-4,5.135227661759672e-4,0,1.7117425539198904e-4,0,0,8.558712769599452e-4,3.4234851078397807e-4,3.4234851078397807e-4,1.7117425539198904e-4,0.0056487504279356384,3.4234851078397807e-4,0,0,3.4234851078397807e-4,0,6.846970215679561e-4,0
Belarus,Russia,2018-05-01,0,1,0,0,2,2,0,3,0,0,2,0,2,0,30,1,1,2,1,0,4,0,6030,6081,0,1.64446637066272e-4,0,0,3.28893274132544e-4,3.28893274132544e-4,0,4.93339911198816e-4,0,0,3.28893274132544e-4,0,3.28893274132544e-4,0,0.00493339911198816,1.64446637066272e-4,1.64446637066272e-4,3.28893274132544e-4,1.64446637066272e-4,0,6.57786548265088e-4,0
Belarus,Russia,2018-06-01,3,2,0,0,2,1,3,3,2,0,7,2,1,0,36,0,5,0,1,0,15,0,5904,5987,5.010856856522465e-4,3.3405712376816435e-4,0,0,3.3405712376816435e-4,1.6702856188408218e-4,5.010856856522465e-4,5.010856856522465e-4,3.3405712376816435e-4,0,0.0011691999331885753,3.3405712376816435e-4,1.6702856188408218e-4,0,0.006013028227826959,0,8.351428094204109e-4,0,1.6702856188408218e-4,0,0.0025054284282612325,0
Belarus,Russia,2018-07-01,1,1,0,0,2,3,0,2,0,0,1,0,0,0,34,0,1,0,0,2,11,0,5700,5758,1.736714136853074e-4,1.736714136853074e-4,0,0,3.473428273706148e-4,5.210142410559222e-4,0,3.473428273706148e-4,0,0,1.736714136853074e-4,0,0,0,0.005904828065300452,0,1.736714136853074e-4,0,0,3.473428273706148e-4,0.0019103855505383813,0
Belarus,Russia,2018-08-01,1,3,0,0,10,1,2,2,0,0,3,1,1,2,21,1,0,0,0,0,9,0,6337,6394,1.5639662183296842e-4,4.6918986549890525e-4,0,0,0.0015639662183296842,1.5639662183296842e-4,3.1279324366593683e-4,3.1279324366593683e-4,0,0,4.6918986549890525e-4,1.5639662183296842e-4,1.5639662183296842e-4,3.1279324366593683e-4,0.0032843290584923367,1.5639662183296842e-4,0,0,0,0,0.0014075695964967157,0
Belarus,Russia,2018-09-01,0,2,0,0,4,0,1,4,1,1,5,3,1,1,45,2,3,0,1,2,9,1,5639,5725,0,3.4934497816593884e-4,0,0,6.986899563318777e-4,0,1.7467248908296942e-4,6.986899563318777e-4,1.7467248908296942e-4,1.7467248908296942e-4,8.733624454148472e-4,5.240174672489083e-4,1.7467248908296942e-4,1.7467248908296942e-4,0.007860262008733625,3.4934497816593884e-4,5.240174672489083e-4,0,1.7467248908296942e-4,3.4934497816593884e-4,0.0015720524017467249,1.7467248908296942e-4
Belarus,Russia,2018-10-01,3,0,0,0,6,2,1,5,0,0,9,4,3,0,43,6,1,2,0,1,8,0,6731,6825,4.3956043956043956e-4,0,0,0,8.791208791208791e-4,2.9304029304029304e-4,1.4652014652014652e-4,7.326007326007326e-4,0,0,0.0013186813186813187,5.860805860805861e-4,4.3956043956043956e-4,0,0.0063003663003663,8.791208791208791e-4,1.4652014652014652e-4,2.9304029304029304e-4,0,1.4652014652014652e-4,0.0011721611721611722,0
Belarus,Russia,2018-11-01,1,1,0,0,9,2,3,2,2,0,2,0,0,0,29,3,10,0,1,0,12,0,6353,6430,1.5552099533437013e-4,1.5552099533437013e-4,0,0,0.0013996889580093312,3.1104199066874026e-4,4.6656298600311044e-4,3.1104199066874026e-4,3.1104199066874026e-4,0,3.1104199066874026e-4,0,0,0,0.004510108864696734,4.6656298600311044e-4,0.0015552099533437014,0,1.5552099533437013e-4,0,0.0018662519440124418,0
Belarus,Russia,2018-12-01,1,1,0,0,6,4,1,8,0,0,3,0,8,0,38,0,1,0,0,0,10,0,6128,6209,1.6105653084232566e-4,1.6105653084232566e-4,0,0,9.663391850539539e-4,6.442261233693026e-4,1.6105653084232566e-4,0.0012884522467386053,0,0,4.8316959252697695e-4,0,0.0012884522467386053,0,0.006120148172008375,0,1.6105653084232566e-4,0,0,0,0.0016105653084232566,0
Belarus,Russia,2019-01-01,2,1,0,0,3,4,4,1,0,0,3,0,1,1,29,1,0,1,1,1,8,0,6081,6142,3.2562683165092806e-4,1.6281341582546403e-4,0,0,4.884402474763921e-4,6.512536633018561e-4,6.512536633018561e-4,1.6281341582546403e-4,0,0,4.884402474763921e-4,0,1.6281341582546403e-4,1.6281341582546403e-4,0.0047215890589384565,1.6281341582546403e-4,0,1.6281341582546403e-4,1.6281341582546403e-4,1.6281341582546403e-4,0.0013025073266037122,0
Belarus,Russia,2019-02-01,3,3,0,0,3,2,6,3,1,0,3,0,0,0,29,5,1,0,2,0,6,0,6229,6296,4.764930114358323e-4,4.764930114358323e-4,0,0,4.764930114358323e-4,3.176620076238882e-4,9.529860228716646e-4,4.764930114358323e-4,1.588310038119441e-4,0,4.764930114358323e-4,0,0,0,0.004606099110546378,7.941550190597204e-4,1.588310038119441e-4,0,3.176620076238882e-4,0,9.529860228716646e-4,0
Belarus,Russia,2019-03-01,1,3,0,0,0,2,4,1,0,0,3,0,3,1,27,2,1,0,1,0,9,0,6765,6823,1.465630954125751e-4,4.3968928623772536e-4,0,0,0,2.931261908251502e-4,5.862523816503004e-4,1.465630954125751e-4,0,0,4.3968928623772536e-4,0,4.3968928623772536e-4,1.465630954125751e-4,0.003957203576139528,2.931261908251502e-4,1.465630954125751e-4,0,1.465630954125751e-4,0,0.001319067858713176,0
Belarus,Russia,2019-04-01,1,2,1,0,2,2,3,1,0,0,13,3,0,0,43,2,0,0,2,0,20,0,7156,7251,1.3791201213625708e-4,2.7582402427251415e-4,1.3791201213625708e-4,0,2.7582402427251415e-4,2.7582402427251415e-4,4.137360364087712e-4,1.3791201213625708e-4,0,0,0.0017928561577713418,4.137360364087712e-4,0,0,0.005930216521859054,2.7582402427251415e-4,0,0,2.7582402427251415e-4,0,0.0027582402427251415,0
Belarus,Russia,2019-05-01,0,3,0,0,11,2,2,3,0,0,11,0,1,0,41,3,0,0,1,3,7,0,6587,6675,0,4.4943820224719103e-4,0,0,0.001647940074906367,2.99625468164794e-4,2.99625468164794e-4,4.4943820224719103e-4,0,0,0.001647940074906367,0,1.49812734082397e-4,0,0.006142322097378277,4.4943820224719103e-4,0,0,1.49812734082397e-4,4.4943820224719103e-4,0.001048689138576779,0
Belarus,Russia,2019-06-01,1,0,0,0,7,0,2,0,2,0,4,1,0,0,45,4,0,1,1,5,4,1,6921,6999,1.4287755393627662e-4,0,0,0,0.0010001428775539363,0,2.8575510787255323e-4,0,2.8575510787255323e-4,0,5.715102157451065e-4,1.4287755393627662e-4,0,0,0.006429489927132447,5.715102157451065e-4,0,1.4287755393627662e-4,1.4287755393627662e-4,7.14387769681383e-4,5.715102157451065e-4,1.4287755393627662e-4
Belarus,Russia,2019-07-01,0,2,0,0,6,1,0,4,2,1,11,1,0,0,57,6,1,0,3,2,15,1,6907,7020,0,2.849002849002849e-4,0,0,8.547008547008547e-4,1.4245014245014244e-4,0,5.698005698005698e-4,2.849002849002849e-4,1.4245014245014244e-4,0.0015669515669515669,1.4245014245014244e-4,0,0,0.00811965811965812,8.547008547008547e-4,1.4245014245014244e-4,0,4.2735042735042735e-4,2.849002849002849e-4,0.002136752136752137,1.4245014245014244e-4
Belarus,Russia,2019-08-01,0,1,0,0,0,2,3,0,0,0,2,9,3,1,40,3,0,3,0,5,9,0,6947,7028,0,1.422879908935686e-4,0,0,0,2.845759817871372e-4,4.2686397268070576e-4,0,0,0,2.845759817871372e-4,0.0012805919180421173,4.2686397268070576e-4,1.422879908935686e-4,0.005691519635742743,4.2686397268070576e-4,0,4.2686397268070576e-4,0,7.114399544678429e-4,0.0012805919180421173,0
Belarus,Russia,2019-09-01,4,1,0,0,0,2,3,2,0,1,7,7,1,0,39,5,3,0,1,2,5,0,6817,6900,5.797101449275362e-4,1.4492753623188405e-4,0,0,0,2.898550724637681e-4,4.347826086956522e-4,2.898550724637681e-4,0,1.4492753623188405e-4,0.0010144927536231885,0.0010144927536231885,1.4492753623188405e-4,0,0.005652173913043478,7.246376811594203e-4,4.347826086956522e-4,0,1.4492753623188405e-4,2.898550724637681e-4,7.246376811594203e-4,0
Belarus,Russia,2019-10-01,1,4,0,0,3,0,3,3,0,1,12,4,3,3,46,6,3,2,2,2,5,0,7563,7666,1.3044612575006522e-4,5.217845030002609e-4,0,0,3.913383772501957e-4,0,3.913383772501957e-4,3.913383772501957e-4,0,1.3044612575006522e-4,0.0015653535090007827,5.217845030002609e-4,3.913383772501957e-4,3.913383772501957e-4,0.006000521784503,7.826767545003914e-4,3.913383772501957e-4,2.6089225150013044e-4,2.6089225150013044e-4,2.6089225150013044e-4,6.522306287503261e-4,0
Belarus,Russia,2019-11-01,4,3,0,0,0,0,5,4,0,0,9,0,1,4,24,6,3,0,1,3,2,0,6639,6708,5.963029218843172e-4,4.472271914132379e-4,0,0,0,0,7.453786523553966e-4,5.963029218843172e-4,0,0,0.0013416815742397137,0,1.490757304710793e-4,5.963029218843172e-4,0.0035778175313059034,8.944543828264759e-4,4.472271914132379e-4,0,1.490757304710793e-4,4.472271914132379e-4,2.981514609421586e-4,0
Belarus,Russia,2019-12-01,2,0,1,0,3,3,3,3,0,0,11,0,0,0,29,3,3,0,1,2,7,0,6761,6832,2.927400468384075e-4,0,1.4637002341920375e-4,0,4.3911007025761124e-4,4.3911007025761124e-4,4.3911007025761124e-4,4.3911007025761124e-4,0,0,0.0016100702576112413,0,0,0,0.004244730679156909,4.3911007025761124e-4,4.3911007025761124e-4,0,1.4637002341920375e-4,2.927400468384075e-4,0.0010245901639344263,0
Belarus,Russia,2020-01-01,1,1,0,0,1,2,0,3,0,0,13,1,0,0,29,1,0,0,0,0,15,0,6261,6328,1.5802781289506955e-4,1.5802781289506955e-4,0,0,1.5802781289506955e-4,3.160556257901391e-4,0,4.740834386852086e-4,0,0,0.0020543615676359038,1.5802781289506955e-4,0,0,0.0045828065739570165,1.5802781289506955e-4,0,0,0,0,0.002370417193426043,0
Belarus,Russia,2020-02-01,0,1,1,0,0,2,2,10,0,0,9,0,3,0,24,1,0,1,0,2,13,0,6186,6255,0,1.598721023181455e-4,1.598721023181455e-4,0,0,3.19744204636291e-4,3.19744204636291e-4,0.0015987210231814548,0,0,0.0014388489208633094,0,4.7961630695443646e-4,0,0.0038369304556354917,1.598721023181455e-4,0,1.598721023181455e-4,0,3.19744204636291e-4,0.0020783373301358913,0
Belarus,Russia,2020-03-01,2,4,0,0,5,7,2,4,0,0,5,1,0,0,20,6,1,0,1,0,6,0,6883,6947,2.878940549877645e-4,5.75788109975529e-4,0,0,7.197351374694113e-4,0.0010076291924571758,2.878940549877645e-4,5.75788109975529e-4,0,0,7.197351374694113e-4,1.4394702749388226e-4,0,0,0.002878940549877645,8.636821649632935e-4,1.4394702749388226e-4,0,1.4394702749388226e-4,0,8.636821649632935e-4,0
Belarus,Russia,2020-04-01,1,0,0,0,2,4,1,0,0,0,5,0,1,0,25,1,0,0,0,2,12,0,7591,7645,1.3080444735120994e-4,0,0,0,2.616088947024199e-4,5.232177894048398e-4,1.3080444735120994e-4,0,0,0,6.540222367560497e-4,0,1.3080444735120994e-4,0,0.0032701111837802484,1.3080444735120994e-4,0,0,0,2.616088947024199e-4,0.0015696533682145193,0
Belarus,Russia,2020-05-01,1,1,0,0,0,1,1,0,1,0,8,0,3,0,19,2,0,0,0,0,3,0,7197,7237,1.381788033715628e-4,1.381788033715628e-4,0,0,0,1.381788033715628e-4,1.381788033715628e-4,0,1.381788033715628e-4,0,0.0011054304269725024,0,4.1453641011468843e-4,0,0.002625397264059693,2.763576067431256e-4,0,0,0,0,4.1453641011468843e-4,0
Belarus,Russia,2020-06-01,0,2,2,0,5,1,2,6,0,0,10,0,2,9,22,1,0,0,0,0,4,0,7330,7396,0,2.7041644131963225e-4,2.7041644131963225e-4,0,6.760411032990806e-4,1.3520822065981613e-4,2.7041644131963225e-4,8.112493239588967e-4,0,0,0.0013520822065981612,0,2.7041644131963225e-4,0.0012168739859383451,0.0029745808545159546,1.3520822065981613e-4,0,0,0,0,5.408328826392645e-4,0
Belarus,Russia,2020-07-01,2,0,2,0,5,6,3,0,0,0,8,1,2,8,18,3,7,2,0,1,6,0,7740,7814,2.559508574353724e-4,0,2.559508574353724e-4,0,6.39877143588431e-4,7.678525723061172e-4,3.839262861530586e-4,0,0,0,0.0010238034297414896,1.279754287176862e-4,2.559508574353724e-4,0.0010238034297414896,0.002303557716918352,3.839262861530586e-4,8.958280010238034e-4,2.559508574353724e-4,0,1.279754287176862e-4,7.678525723061172e-4,0
Belarus,Russia,2020-08-01,1,1,0,0,1,13,34,3,0,0,5,2,2,24,12,2,7,2,2,4,17,0,8913,9045,1.105583195135434e-4,1.105583195135434e-4,0,0,1.105583195135434e-4,0.0014372581536760641,0.0037589828634604756,3.316749585406302e-4,0,0,5.52791597567717e-4,2.211166390270868e-4,2.211166390270868e-4,0.0026533996683250414,0.0013266998341625207,2.211166390270868e-4,7.739082365948038e-4,2.211166390270868e-4,2.211166390270868e-4,4.422332780541736e-4,0.0018794914317302378,0
Belarus,Russia,2020-09-01,0,0,0,0,4,3,21,29,1,2,14,26,7,5,48,9,1,0,1,2,36,0,8535,8744,0,0,0,0,4.574565416285453e-4,3.4309240622140897e-4,0.0024016468435498627,0.0033165599268069534,1.1436413540713633e-4,2.2872827081427266e-4,0.0016010978956999085,0.0029734675205855443,8.005489478499542e-4,5.718206770356817e-4,0.0054894784995425435,0.0010292772186642268,1.1436413540713633e-4,0,1.1436413540713633e-4,2.2872827081427266e-4,0.004117108874656907,0
Belarus,Russia,2020-10-01,0,0,2,0,1,2,2,0,1,1,5,1,0,0,20,8,1,0,0,0,15,0,7855,7914,0,0,2.5271670457417233e-4,0,1.2635835228708617e-4,2.5271670457417233e-4,2.5271670457417233e-4,0,1.2635835228708617e-4,1.2635835228708617e-4,6.317917614354309e-4,1.2635835228708617e-4,0,0,0.0025271670457417236,0.0010108668182966893,1.2635835228708617e-4,0,0,0,0.0018953752843062926,0
Belarus,Russia,2020-11-01,0,0,0,0,1,0,3,0,0,0,12,0,2,3,38,1,0,1,2,1,5,2,7810,7881,0,0,0,0,1.268874508311128e-4,0,3.8066235249333843e-4,0,0,0,0.0015226494099733537,0,2.537749016622256e-4,3.8066235249333843e-4,0.004821723131582287,1.268874508311128e-4,0,1.268874508311128e-4,2.537749016622256e-4,1.268874508311128e-4,6.344372541555641e-4,2.537749016622256e-4
Belarus,Russia,2020-12-01,0,0,2,0,3,2,0,1,1,0,5,1,0,1,39,2,0,0,0,0,13,0,8135,8205,0,0,2.437538086532602e-4,0,3.6563071297989033e-4,2.437538086532602e-4,0,1.218769043266301e-4,1.218769043266301e-4,0,6.093845216331506e-4,1.218769043266301e-4,0,1.218769043266301e-4,0.004753199268738574,2.437538086532602e-4,0,0,0,0,0.0015843997562461913,0
Belarus,Russia,2021-01-01,1,0,0,0,0,0,2,0,0,0,2,1,0,1,18,0,0,0,1,0,9,0,7106,7141,1.400364094664613e-4,0,0,0,0,0,2.800728189329226e-4,0,0,0,2.800728189329226e-4,1.400364094664613e-4,0,1.400364094664613e-4,0.002520655370396303,0,0,0,1.400364094664613e-4,0,0.0012603276851981516,0
Belarus,Russia,2021-02-01,3,1,1,0,1,2,2,2,1,0,7,0,1,0,23,1,0,0,0,1,10,0,7297,7353,4.079967360261118e-4,1.3599891200870393e-4,1.3599891200870393e-4,0,1.3599891200870393e-4,2.7199782401740786e-4,2.7199782401740786e-4,2.7199782401740786e-4,1.3599891200870393e-4,0,9.519923840609275e-4,0,1.3599891200870393e-4,0,0.0031279749762001905,1.3599891200870393e-4,0,0,0,1.3599891200870393e-4,0.0013599891200870393,0
Belarus,Russia,2021-03-01,0,0,1,0,4,2,1,1,0,0,5,5,0,0,21,2,0,1,1,0,4,0,7877,7925,0,0,1.2618296529968455e-4,0,5.047318611987382e-4,2.523659305993691e-4,1.2618296529968455e-4,1.2618296529968455e-4,0,0,6.309148264984228e-4,6.309148264984228e-4,0,0,0.0026498422712933753,2.523659305993691e-4,0,1.2618296529968455e-4,1.2618296529968455e-4,0,5.047318611987382e-4,0
Belarus,Russia,2021-04-01,1,0,0,0,1,3,3,6,0,0,2,0,1,0,40,1,0,0,1,0,11,0,7573,7643,1.3083867591259977e-4,0,0,0,1.3083867591259977e-4,3.925160277377993e-4,3.925160277377993e-4,7.850320554755986e-4,0,0,2.6167735182519954e-4,0,1.3083867591259977e-4,0,0.005233547036503991,1.3083867591259977e-4,0,0,1.3083867591259977e-4,0,0.0014392254350385975,0
Belarus,Russia,2021-05-01,0,0,0,0,1,0,6,7,0,0,2,1,1,0,27,7,0,0,0,0,19,0,7785,7856,0,0,0,0,1.2729124236252545e-4,0,7.637474541751527e-4,8.910386965376783e-4,0,0,2.545824847250509e-4,1.2729124236252545e-4,1.2729124236252545e-4,0,0.0034368635437881873,8.910386965376783e-4,0,0,0,0,0.0024185336048879835,0
Belarus,Russia,2021-06-01,3,0,1,0,4,6,5,3,2,0,6,1,1,1,50,9,0,1,0,3,24,0,7528,7648,3.922594142259414e-4,0,1.307531380753138e-4,0,5.230125523012552e-4,7.845188284518828e-4,6.53765690376569e-4,3.922594142259414e-4,2.615062761506276e-4,0,7.845188284518828e-4,1.307531380753138e-4,1.307531380753138e-4,1.307531380753138e-4,0.00653765690376569,0.0011767782426778243,0,1.307531380753138e-4,0,3.922594142259414e-4,0.0031380753138075313,0
Belarus,Russia,2021-07-01,2,1,0,0,1,4,0,2,0,0,3,2,2,0,30,1,3,0,2,2,15,0,6371,6441,3.105107902499612e-4,1.552553951249806e-4,0,0,1.552553951249806e-4,6.210215804999224e-4,0,3.105107902499612e-4,0,0,4.657661853749418e-4,3.105107902499612e-4,3.105107902499612e-4,0,0.004657661853749418,1.552553951249806e-4,4.657661853749418e-4,0,3.105107902499612e-4,3.105107902499612e-4,0.002328830926874709,0
Belarus,Russia,2021-08-01,0,0,1,0,0,1,4,4,1,0,1,7,2,1,12,4,1,2,1,0,12,0,7381,7435,0,0,1.3449899125756557e-4,0,0,1.3449899125756557e-4,5.379959650302623e-4,5.379959650302623e-4,1.3449899125756557e-4,0,1.3449899125756557e-4,9.41492938802959e-4,2.6899798251513114e-4,1.3449899125756557e-4,0.0016139878950907868,5.379959650302623e-4,1.3449899125756557e-4,2.6899798251513114e-4,1.3449899125756557e-4,0,0.0016139878950907868,0
Belarus,Russia,2021-09-01,12,0,3,0,0,0,0,1,3,1,9,30,2,2,25,4,5,0,3,6,2,0,7141,7249,0.0016554007449303353,0,4.1385018623258383e-4,0,0,0,0,1.3795006207752792e-4,4.1385018623258383e-4,1.3795006207752792e-4,0.0012415505586977514,0.004138501862325838,2.7590012415505585e-4,2.7590012415505585e-4,0.003448751551938198,5.518002483101117e-4,6.897503103876397e-4,0,4.1385018623258383e-4,8.277003724651677e-4,2.7590012415505585e-4,0
Belarus,Russia,2021-10-01,3,1,0,0,0,3,0,0,0,0,6,4,2,1,29,1,1,1,0,0,10,0,7123,7185,4.175365344467641e-4,1.3917884481558804e-4,0,0,0,4.175365344467641e-4,0,0,0,0,8.350730688935282e-4,5.567153792623522e-4,2.783576896311761e-4,1.3917884481558804e-4,0.004036186499652053,1.3917884481558804e-4,1.3917884481558804e-4,1.3917884481558804e-4,0,0,0.0013917884481558804,0
Belarus,Russia,2021-11-01,1,0,0,0,2,3,16,0,1,0,8,17,1,0,19,7,12,0,0,0,32,3,7182,7304,1.3691128148959474e-4,0,0,0,2.738225629791895e-4,4.107338444687842e-4,0.002190580503833516,0,1.3691128148959474e-4,0,0.001095290251916758,0.0023274917853231105,1.3691128148959474e-4,0,0.0026013143483023,9.583789704271632e-4,0.0016429353778751369,0,0,0,0.004381161007667032,4.107338444687842e-4
Belarus,Russia,2021-12-01,1,0,0,0,5,9,8,5,1,0,7,1,0,1,16,8,0,0,2,2,25,0,6430,6521,1.5335071308081582e-4,0,0,0,7.667535654040791e-4,0.0013801564177273425,0.0012268057046465265,7.667535654040791e-4,1.5335071308081582e-4,0,0.0010734549915657108,1.5335071308081582e-4,0,1.5335071308081582e-4,0.002453611409293053,0.0012268057046465265,0,0,3.0670142616163164e-4,3.0670142616163164e-4,0.003833767827020396,0
Belarus,Russia,2022-01-01,1,0,0,0,1,4,16,1,0,0,6,23,0,2,9,5,11,3,0,2,5,0,5790,5879,1.7009695526450075e-4,0,0,0,1.7009695526450075e-4,6.80387821058003e-4,0.002721551284232012,1.7009695526450075e-4,0,0,0.0010205817315870045,0.003912229971083518,0,3.401939105290015e-4,0.0015308725973805068,8.504847763225039e-4,0.0018710665079095085,5.102908657935023e-4,0,3.401939105290015e-4,8.504847763225039e-4,0
Belarus,Russia,2022-02-01,8,0,2,5,3,9,33,7,1,0,10,69,2,7,15,28,51,4,0,1,31,0,6485,6771,0.0011815093782306897,0,2.953773445576724e-4,7.38443361394181e-4,4.4306601683650863e-4,0.001329198050509526,0.004873726185201595,0.0010338207059518536,1.476886722788362e-4,0,0.001476886722788362,0.0101905183872397,2.953773445576724e-4,0.0010338207059518536,0.002215330084182543,0.004135282823807414,0.007532122286220647,5.907546891153448e-4,0,1.476886722788362e-4,0.004578348840643923,0
Belarus,Russia,2022-03-01,3,1,0,2,4,6,19,8,11,0,15,0,8,1,26,18,17,8,4,1,101,0,5600,5853,5.125576627370579e-4,1.7085255424568598e-4,0,3.4170510849137196e-4,6.834102169827439e-4,0.0010251153254741158,0.0032461985306680334,0.0013668204339654878,0.0018793780967025456,0,0.0025627883136852894,0,0.0013668204339654878,1.7085255424568598e-4,0.004442166410387836,0.0030753459764223477,0.0029044934221766614,0.0013668204339654878,6.834102169827439e-4,1.7085255424568598e-4,0.017256107978814283,0
Belarus,Russia,2022-04-01,2,0,9,2,1,9,21,9,1,1,12,2,8,1,30,20,7,2,13,6,49,2,5307,5514,3.627130939426913e-4,0,0.001632208922742111,3.627130939426913e-4,1.8135654697134566e-4,0.001632208922742111,0.003808487486398259,0.001632208922742111,1.8135654697134566e-4,1.8135654697134566e-4,0.002176278563656148,3.627130939426913e-4,0.0014508523757707653,1.8135654697134566e-4,0.00544069640914037,0.003627130939426913,0.0012694958287994198,3.627130939426913e-4,0.0023576351106274936,0.001088139281828074,0.008886470801595938,3.627130939426913e-4
Belarus,Russia,2022-05-01,4,0,0,0,1,6,11,6,0,1,10,1,1,0,19,6,3,2,2,1,51,0,5221,5346,7.482229704451926e-4,0,0,0,1.8705574261129816e-4,0.001122334455667789,0.00205761316872428,0.001122334455667789,0,1.8705574261129816e-4,0.0018705574261129816,1.8705574261129816e-4,1.8705574261129816e-4,0,0.003554059109614665,0.001122334455667789,5.611672278338945e-4,3.741114852225963e-4,3.741114852225963e-4,1.8705574261129816e-4,0.009539842873176206,0
Belarus,Russia,2022-06-01,4,1,3,0,0,11,11,6,1,0,15,2,2,0,42,17,12,0,7,0,40,0,5021,5195,7.699711260827719e-4,1.9249278152069297e-4,5.774783445620789e-4,0,0,0.0021174205967276227,0.0021174205967276227,0.0011549566891241579,1.9249278152069297e-4,0,0.0028873917228103944,3.8498556304138594e-4,3.8498556304138594e-4,0,0.008084696823869105,0.0032723772858517805,0.0023099133782483157,0,0.001347449470644851,0,0.007699711260827719,0
Belarus,Russia,2022-07-01,1,0,2,0,4,10,8,0,0,2,15,2,0,0,31,8,13,2,1,0,34,3,4766,4902,2.039983680130559e-4,0,4.079967360261118e-4,0,8.159934720522236e-4,0.002039983680130559,0.0016319869441044472,0,0,4.079967360261118e-4,0.0030599755201958386,4.079967360261118e-4,0,0,0.0063239494084047325,0.0016319869441044472,0.0026519787841697267,4.079967360261118e-4,2.039983680130559e-4,0,0.0069359445124439,6.119951040391676e-4
Belarus,Russia,2022-08-01,2,0,0,0,2,15,13,1,0,1,13,12,2,0,18,12,9,1,2,1,15,0,4760,4879,4.099200655872105e-4,0,0,0,4.099200655872105e-4,0.003074400491904079,0.0026644804263168684,2.0496003279360525e-4,0,2.0496003279360525e-4,0.0026644804263168684,0.0024595203935232628,4.099200655872105e-4,0,0.0036892805902848944,0.0024595203935232628,0.0018446402951424472,2.0496003279360525e-4,4.099200655872105e-4,2.0496003279360525e-4,0.003074400491904079,0
Belarus,Russia,2022-09-01,1,0,0,1,2,13,2,7,1,0,9,5,0,0,20,7,7,0,4,3,39,0,4564,4685,2.1344717182497332e-4,0,0,2.1344717182497332e-4,4.2689434364994664e-4,0.002774813233724653,4.2689434364994664e-4,0.0014941302027748132,2.1344717182497332e-4,0,0.00192102454642476,0.0010672358591248667,0,0,0.004268943436499467,0.0014941302027748132,0.0014941302027748132,0,8.537886872998933e-4,6.403415154749199e-4,0.008324439701173959,0
Belarus,Russia,2022-10-01,10,0,3,2,1,7,29,3,0,1,10,4,1,1,36,20,32,2,1,2,19,0,4828,5012,0.0019952114924181963,0,5.985634477254589e-4,3.990422984836393e-4,1.9952114924181964e-4,0.0013966480446927375,0.00578611332801277,5.985634477254589e-4,0,1.9952114924181964e-4,0.0019952114924181963,7.980845969672786e-4,1.9952114924181964e-4,1.9952114924181964e-4,0.007182761372705506,0.0039904229848363925,0.006384676775738229,3.990422984836393e-4,1.9952114924181964e-4,3.990422984836393e-4,0.003790901835594573,0
Belarus,Russia,2022-11-01,6,0,0,0,2,5,10,3,1,0,9,2,1,4,18,12,12,2,0,0,19,2,4479,4587,0.0013080444735120995,0,0,0,4.360148245040331e-4,0.0010900370612600828,0.0021800741225201656,6.540222367560497e-4,2.1800741225201656e-4,0,0.001962066710268149,4.360148245040331e-4,2.1800741225201656e-4,8.720296490080662e-4,0.003924133420536298,0.002616088947024199,0.002616088947024199,4.360148245040331e-4,0,0,0.004142140832788315,4.360148245040331e-4
Belarus,Russia,2022-12-01,7,0,0,0,1,3,23,22,1,2,9,9,2,0,26,23,27,2,6,1,27,1,5054,5246,0.0013343499809378575,0,0,0,1.9062142584826535e-4,5.71864277544796e-4,0.004384292794510103,0.0041936713686618375,1.9062142584826535e-4,3.812428516965307e-4,0.001715592832634388,0.001715592832634388,3.812428516965307e-4,0,0.004956157072054899,0.004384292794510103,0.005146778497903164,3.812428516965307e-4,0.001143728555089592,1.9062142584826535e-4,0.005146778497903164,1.9062142584826535e-4
Belarus,Russia,2023-01-01,4,0,0,0,2,7,13,4,1,0,6,36,0,2,23,10,20,2,3,2,25,0,5107,5267,7.594456047085627e-4,0,0,0,3.7972280235428136e-4,0.0013290298082399847,0.002468198215302829,7.594456047085627e-4,1.8986140117714068e-4,0,0.001139168407062844,0.0068350104423770645,0,3.7972280235428136e-4,0.004366812227074236,0.0018986140117714068,0.0037972280235428137,3.7972280235428136e-4,5.69584203531422e-4,3.7972280235428136e-4,0.004746535029428517,0
Belarus,Russia,2023-02-01,4,0,0,0,2,11,19,11,0,3,11,4,1,1,14,14,9,0,2,3,22,0,4896,5027,7.957032027053909e-4,0,0,0,3.9785160135269546e-4,0.002188183807439825,0.0037795902128506067,0.002188183807439825,0,5.967774020290431e-4,0.002188183807439825,7.957032027053909e-4,1.9892580067634773e-4,1.9892580067634773e-4,0.0027849612094688683,0.0027849612094688683,0.0017903322060871295,0,3.9785160135269546e-4,5.967774020290431e-4,0.00437636761487965,0
Belarus,Russia,2023-03-01,10,0,2,1,2,11,19,1,1,4,9,2,1,2,38,60,18,1,4,5,19,1,5657,5868,0.0017041581458759373,0,3.4083162917518747e-4,1.7041581458759374e-4,3.4083162917518747e-4,0.001874573960463531,0.003237900477164281,1.7041581458759374e-4,1.7041581458759374e-4,6.816632583503749e-4,0.0015337423312883436,3.4083162917518747e-4,1.7041581458759374e-4,3.4083162917518747e-4,0.006475800954328562,0.010224948875255624,0.003067484662576687,1.7041581458759374e-4,6.816632583503749e-4,8.520790729379687e-4,0.003237900477164281,1.7041581458759374e-4
Belarus,Russia,2023-04-01,8,0,0,0,1,8,9,11,0,3,12,2,0,0,24,40,5,4,3,3,21,0,5474,5628,0.0014214641080312722,0,0,0,1.7768301350390902e-4,0.0014214641080312722,0.0015991471215351812,0.0019545131485429993,0,5.330490405117271e-4,0.0021321961620469083,3.5536602700781805e-4,0,0,0.0042643923240938165,0.007107320540156361,8.884150675195451e-4,7.107320540156361e-4,5.330490405117271e-4,5.330490405117271e-4,0.0037313432835820895,0
Belarus,Russia,2023-05-01,11,1,2,1,5,8,15,13,0,0,11,2,1,3,26,40,11,2,4,0,22,0,5735,5913,0.0018603077963808556,1.6911889058007779e-4,3.3823778116015557e-4,1.6911889058007779e-4,8.455944529003889e-4,0.0013529511246406223,0.0025367833587011668,0.002198545577541011,0,0,0.0018603077963808556,3.3823778116015557e-4,1.6911889058007779e-4,5.073566717402334e-4,0.004397091155082022,0.006764755623203111,0.0018603077963808556,3.3823778116015557e-4,6.764755623203111e-4,0,0.0037206155927617113,0
Belarus,Russia,2023-06-01,15,1,0,4,1,12,56,8,1,3,17,2,2,6,40,71,43,5,4,3,21,1,6446,6762,0.0022182786157941437,1.478852410529429e-4,0,5.915409642117716e-4,1.478852410529429e-4,0.001774622892635315,0.008281573498964804,0.0011830819284235432,1.478852410529429e-4,4.4365572315882877e-4,0.0025140490979000296,2.957704821058858e-4,2.957704821058858e-4,8.873114463176575e-4,0.005915409642117717,0.010499852114758948,0.006359065365276546,7.394262052647146e-4,5.915409642117716e-4,4.4365572315882877e-4,0.003105590062111801,1.478852410529429e-4
Belarus,Russia,2023-07-01,6,0,0,0,2,8,38,7,1,1,20,4,2,1,33,24,41,1,0,0,17,0,6182,6388,9.39261114589856e-4,0,0,0,3.1308703819661864e-4,0.0012523481527864746,0.005948653725735754,0.0010958046336881652,1.5654351909830932e-4,1.5654351909830932e-4,0.0031308703819661866,6.261740763932373e-4,3.1308703819661864e-4,1.5654351909830932e-4,0.005165936130244208,0.003757044458359424,0.006418284283030683,1.5654351909830932e-4,0,0,0.0026612398246712585,0
Belarus,Russia,2023-08-01,3,0,2,0,3,11,23,4,1,3,10,3,3,1,26,24,33,2,2,2,19,0,6400,6575,4.5627376425855514e-4,0,3.041825095057034e-4,0,4.5627376425855514e-4,0.0016730038022813689,0.0034980988593155894,6.083650190114068e-4,1.520912547528517e-4,4.5627376425855514e-4,0.001520912547528517,4.5627376425855514e-4,4.5627376425855514e-4,1.520912547528517e-4,0.003954372623574145,0.003650190114068441,0.0050190114068441065,3.041825095057034e-4,3.041825095057034e-4,3.041825095057034e-4,0.0028897338403041824,0
Belarus,Russia,2023-09-01,1,0,0,0,2,8,7,1,2,0,9,6,1,0,53,8,2,1,0,2,17,1,6217,6338,1.577784790154623e-4,0,0,0,3.155569580309246e-4,0.0012622278321236984,0.001104449353108236,1.577784790154623e-4,3.155569580309246e-4,0,0.0014200063111391606,9.466708740927738e-4,1.577784790154623e-4,0,0.0083622593878195,0.0012622278321236984,3.155569580309246e-4,1.577784790154623e-4,0,3.155569580309246e-4,0.002682234143262859,1.577784790154623e-4
Belarus,Russia,2023-10-01,1,0,2,0,1,8,6,2,0,2,12,4,1,2,29,7,0,0,3,0,11,0,5805,5896,1.6960651289009497e-4,0,3.3921302578018993e-4,0,1.6960651289009497e-4,0.0013568521031207597,0.0010176390773405698,3.3921302578018993e-4,0,3.3921302578018993e-4,0.0020352781546811396,6.784260515603799e-4,1.6960651289009497e-4,3.3921302578018993e-4,0.004918588873812755,0.0011872455902306649,0,0,5.088195386702849e-4,0,0.0018656716417910447,0
Belarus,Russia,2023-11-01,6,1,0,1,1,5,2,3,1,0,16,1,0,0,34,6,0,1,2,0,12,1,5494,5587,0.0010739216037229282,1.7898693395382138e-4,0,1.7898693395382138e-4,1.7898693395382138e-4,8.949346697691068e-4,3.5797386790764276e-4,5.369608018614641e-4,1.7898693395382138e-4,0,0.002863790943261142,1.7898693395382138e-4,0,0,0.006085555754429927,0.0010739216037229282,0,1.7898693395382138e-4,3.5797386790764276e-4,0,0.0021478432074458565,1.7898693395382138e-4
Belarus,Russia,2023-12-01,0,0,2,1,3,4,6,5,2,3,6,4,1,3,30,10,2,2,2,3,15,0,5594,5698,0,0,3.51000351000351e-4,1.755001755001755e-4,5.265005265005265e-4,7.02000702000702e-4,0.001053001053001053,8.775008775008775e-4,3.51000351000351e-4,5.265005265005265e-4,0.001053001053001053,7.02000702000702e-4,1.755001755001755e-4,5.265005265005265e-4,0.005265005265005265,0.001755001755001755,3.51000351000351e-4,3.51000351000351e-4,3.51000351000351e-4,5.265005265005265e-4,0.0026325026325026324,0
Belarus,Russia,2024-01-01,2,0,0,0,1,2,1,2,0,0,4,2,1,0,26,8,3,0,0,3,5,0,5542,5602,3.570153516601214e-4,0,0,0,1.785076758300607e-4,3.570153516601214e-4,1.785076758300607e-4,3.570153516601214e-4,0,0,7.140307033202428e-4,3.570153516601214e-4,1.785076758300607e-4,0,0.0046411995715815784,0.0014280614066404856,5.355230274901821e-4,0,0,5.355230274901821e-4,8.925383791503035e-4,0
Belarus,Russia,2024-02-01,0,0,0,0,2,1,0,1,0,0,5,2,1,5,21,2,0,0,3,2,11,0,5873,5929,0,0,0,0,3.3732501264968796e-4,1.6866250632484398e-4,0,1.6866250632484398e-4,0,0,8.433125316242199e-4,3.3732501264968796e-4,1.6866250632484398e-4,8.433125316242199e-4,0.0035419126328217238,3.3732501264968796e-4,0,0,5.059875189745319e-4,3.3732501264968796e-4,0.0018552875695732839,0
Belarus,Russia,2024-03-01,0,0,1,0,1,5,5,0,1,0,3,0,0,14,32,2,1,4,3,0,27,0,5988,6087,0,0,1.642845408247084e-4,0,1.642845408247084e-4,8.21422704123542e-4,8.21422704123542e-4,0,1.642845408247084e-4,0,4.928536224741252e-4,0,0,0.0022999835715459176,0.005257105306390669,3.285690816494168e-4,1.642845408247084e-4,6.571381632988336e-4,4.928536224741252e-4,0,0.004435682602267127,0
Belarus,Russia,2024-04-01,3,1,0,0,1,4,3,4,0,0,15,0,2,2,54,8,2,2,2,4,8,0,6186,6301,4.7611490239644503e-4,1.5870496746548166e-4,0,0,1.5870496746548166e-4,6.348198698619266e-4,4.7611490239644503e-4,6.348198698619266e-4,0,0,0.002380574511982225,0,3.174099349309633e-4,3.174099349309633e-4,0.00857006824313601,0.0012696397397238533,3.174099349309633e-4,3.174099349309633e-4,3.174099349309633e-4,6.348198698619266e-4,0.0012696397397238533,0
Belarus,Russia,2024-05-01,1,0,0,0,2,0,7,11,4,1,7,8,3,1,41,20,2,0,2,1,11,0,6080,6202,1.6123831022250886e-4,0,0,0,3.224766204450177e-4,0,0.001128668171557562,0.0017736214124475975,6.449532408900354e-4,1.6123831022250886e-4,0.001128668171557562,0.0012899064817800709,4.837149306675266e-4,1.6123831022250886e-4,0.006610770719122864,0.0032247662044501773,3.224766204450177e-4,0,3.224766204450177e-4,1.6123831022250886e-4,0.0017736214124475975,0
Belarus,Russia,2024-06-01,4,2,0,0,5,1,7,5,0,0,12,14,1,2,69,10,0,0,3,6,12,0,5908,6061,6.599571027883187e-4,3.2997855139415937e-4,0,0,8.249463784853984e-4,1.6498927569707968e-4,0.0011549249298795578,8.249463784853984e-4,0,0,0.001979871308364956,0.0023098498597591156,1.6498927569707968e-4,3.2997855139415937e-4,0.011384260023098499,0.0016498927569707968,0,0,4.94967827091239e-4,9.89935654182478e-4,0.001979871308364956,0
Belarus,Russia,2024-07-01,0,1,1,0,2,0,3,7,0,3,9,6,4,1,33,8,0,0,0,0,5,1,5979,6063,0,1.6493485073396007e-4,1.6493485073396007e-4,0,3.2986970146792015e-4,0,4.948045522018803e-4,0.0011545439551377205,0,4.948045522018803e-4,0.0014844136566056407,9.896091044037606e-4,6.597394029358403e-4,1.6493485073396007e-4,0.0054428500742206825,0.0013194788058716806,0,0,0,0,8.246742536698004e-4,1.6493485073396007e-4
Belarus,Russia,2024-08-01,0,0,0,0,1,0,3,2,1,1,7,9,4,0,29,24,6,0,3,2,5,0,5294,5391,0,0,0,0,1.854943424225561e-4,0,5.564830272676684e-4,3.709886848451122e-4,1.854943424225561e-4,1.854943424225561e-4,0.0012984603969578928,0.001669449081803005,7.419773696902244e-4,0,0.005379335930254127,0.004451864218141347,0.0011129660545353367,0,5.564830272676684e-4,3.709886848451122e-4,9.274717121127806e-4,0
Belarus,Russia,2024-09-01,1,0,1,0,1,0,0,0,0,0,18,4,4,0,46,20,2,1,2,2,8,0,5555,5665,1.76522506619594e-4,0,1.76522506619594e-4,0,1.76522506619594e-4,0,0,0,0,0,0.003177405119152692,7.06090026478376e-4,7.06090026478376e-4,0,0.008120035304501325,0.00353045013239188,3.53045013239188e-4,1.76522506619594e-4,3.53045013239188e-4,3.53045013239188e-4,0.001412180052956752,0
Belarus,Russia,2024-10-01,1,0,0,0,0,0,6,7,1,0,9,4,0,4,30,14,2,1,3,2,5,0,5804,5893,1.6969285593076533e-4,0,0,0,0,0,0.001018157135584592,0.0011878499915153572,1.6969285593076533e-4,0,0.0015272357033768878,6.787714237230613e-4,0,6.787714237230613e-4,0.0050907856779229595,0.0023756999830307143,3.3938571186153065e-4,1.6969285593076533e-4,5.09078567792296e-4,3.3938571186153065e-4,8.484642796538266e-4,0
Belarus,Russia,2024-11-01,5,1,0,0,1,0,1,2,0,0,9,0,3,0,35,4,1,1,4,1,7,0,5617,5692,8.784258608573436e-4,1.7568517217146873e-4,0,0,1.7568517217146873e-4,0,1.7568517217146873e-4,3.5137034434293746e-4,0,0,0.0015811665495432186,0,5.270555165144061e-4,0,0.0061489810260014054,7.027406886858749e-4,1.7568517217146873e-4,1.7568517217146873e-4,7.027406886858749e-4,1.7568517217146873e-4,0.001229796205200281,0
Belarus,Russia,2024-12-01,1,0,0,0,1,0,0,0,0,0,1,1,0,0,25,10,0,0,1,4,4,0,2536,2584,3.869969040247678e-4,0,0,0,3.869969040247678e-4,0,0,0,0,0,3.869969040247678e-4,3.869969040247678e-4,0,0,0.009674922600619196,0.003869969040247678,0,0,3.869969040247678e-4,0.0015479876160990713,0.0015479876160990713,0
