country,influencer,date,arms_transfer_security_aid_assistance,bribery_economic_corruption,cyber_attack,diplomatic_action,diplomatic_mediation,diplomatic_meeting,diplomatic_statement,diplomatic_ties,foreign_aid_assistance,foreign_investment,intelligence_counterintelligence,joint_security_force_exercise,media_campaign_intervention,military_activity,political_process_policy_intervention,security_engagement,social_academic_cultural_activity,tech_transfer_investment,trade_agreement_exchange,trade_financial_sanction,transnational_organization_crime,rai_999,total_articles,arms_transfer_security_aid_assistanceNorm,bribery_economic_corruptionNorm,cyber_attackNorm,diplomatic_actionNorm,diplomatic_mediationNorm,diplomatic_meetingNorm,diplomatic_statementNorm,diplomatic_tiesNorm,foreign_aid_assistanceNorm,foreign_investmentNorm,intelligence_counterintelligenceNorm,joint_security_force_exerciseNorm,media_campaign_interventionNorm,military_activityNorm,political_process_policy_interventionNorm,security_engagementNorm,social_academic_cultural_activityNorm,tech_transfer_investmentNorm,trade_agreement_exchangeNorm,trade_financial_sanctionNorm,transnational_organization_crimeNorm,hard_power_sumNorm,backlash_sumNorm,diplomacy_sumNorm,economic_power_sumNorm,domestic_interference_sumNorm,soft_power_sumNorm
Jamaica,China,2012-01-01,0,0,0,0,0,2,0,0,0,1,0,0,0,0,0,0,0,0,0,0,0,1218,1222,0,0,0,0,0,0.0016366612111292963,0,0,0,8.183306055646482e-4,0,0,0,0,0,0,0,0,0,0,0,0,0,0.0016366612111292963,8.183306055646482e-4,0,0
Jamaica,China,2012-02-01,0,0,0,0,0,0,0,0,0,0,0,0,0,0,0,0,0,0,0,0,0,1185,1185,0,0,0,0,0,0,0,0,0,0,0,0,0,0,0,0,0,0,0,0,0,0,0,0,0,0,0
Jamaica,China,2012-03-01,0,0,0,0,0,0,0,0,0,0,0,0,0,0,0,0,0,0,0,0,0,1298,1298,0,0,0,0,0,0,0,0,0,0,0,0,0,0,0,0,0,0,0,0,0,0,0,0,0,0,0
Jamaica,China,2012-04-01,0,0,0,0,0,0,0,0,0,0,0,0,0,0,0,0,0,0,0,0,0,1131,1132,0,0,0,0,0,0,0,0,0,0,0,0,0,0,0,0,0,0,0,0,0,0,0,0,0,0,0
Jamaica,China,2012-05-01,0,1,0,0,0,0,0,0,0,0,0,1,0,0,0,0,0,0,0,0,0,1217,1220,0,8.19672131147541e-4,0,0,0,0,0,0,0,0,0,8.19672131147541e-4,0,0,0,0,0,0,0,0,0,8.19672131147541e-4,8.19672131147541e-4,0,0,0,0
Jamaica,China,2012-06-01,0,0,0,0,0,0,0,0,0,0,0,4,0,0,0,0,0,0,0,0,0,1195,1199,0,0,0,0,0,0,0,0,0,0,0,0.003336113427856547,0,0,0,0,0,0,0,0,0,0.003336113427856547,0,0,0,0,0
Jamaica,China,2012-07-01,0,0,0,0,0,0,0,0,0,4,0,0,0,0,0,0,0,0,0,0,0,1308,1312,0,0,0,0,0,0,0,0,0,0.003048780487804878,0,0,0,0,0,0,0,0,0,0,0,0,0,0,0.003048780487804878,0,0
Jamaica,China,2012-08-01,0,0,0,0,0,0,0,1,0,0,0,2,0,0,0,0,1,0,1,0,0,1433,1438,0,0,0,0,0,0,0,6.954102920723226e-4,0,0,0,0.0013908205841446453,0,0,0,0,6.954102920723226e-4,0,6.954102920723226e-4,0,0,0.0013908205841446453,0,6.954102920723226e-4,6.954102920723226e-4,0,6.954102920723226e-4
Jamaica,China,2012-09-01,0,0,0,0,0,0,0,0,0,0,0,0,0,0,0,0,0,0,0,0,0,1173,1174,0,0,0,0,0,0,0,0,0,0,0,0,0,0,0,0,0,0,0,0,0,0,0,0,0,0,0
Jamaica,China,2012-10-01,0,1,0,0,0,1,0,0,0,0,0,0,0,0,0,0,1,0,0,0,0,1368,1371,0,7.293946024799417e-4,0,0,0,7.293946024799417e-4,0,0,0,0,0,0,0,0,0,0,7.293946024799417e-4,0,0,0,0,0,7.293946024799417e-4,7.293946024799417e-4,0,0,7.293946024799417e-4
Jamaica,China,2012-11-01,0,0,0,0,0,0,0,0,1,0,0,0,0,0,0,0,1,0,1,0,0,1268,1271,0,0,0,0,0,0,0,0,7.867820613690008e-4,0,0,0,0,0,0,0,7.867820613690008e-4,0,7.867820613690008e-4,0,0,0,0,0,0.0015735641227380016,0,7.867820613690008e-4
Jamaica,China,2012-12-01,0,0,0,0,0,0,0,0,0,3,0,1,0,0,0,0,0,0,0,0,0,1123,1128,0,0,0,0,0,0,0,0,0,0.0026595744680851063,0,8.865248226950354e-4,0,0,0,0,0,0,0,0,0,8.865248226950354e-4,0,0,0.0026595744680851063,0,0
Jamaica,China,2013-01-01,0,0,0,0,0,0,0,0,0,0,0,0,0,0,0,0,0,0,0,0,0,1227,1228,0,0,0,0,0,0,0,0,0,0,0,0,0,0,0,0,0,0,0,0,0,0,0,0,0,0,0
Jamaica,China,2013-02-01,0,0,0,0,0,0,0,0,0,0,0,0,0,0,0,0,0,0,0,0,0,1178,1179,0,0,0,0,0,0,0,0,0,0,0,0,0,0,0,0,0,0,0,0,0,0,0,0,0,0,0
Jamaica,China,2013-03-01,0,0,0,0,0,0,0,0,0,0,0,1,0,0,0,0,0,0,0,0,0,1279,1280,0,0,0,0,0,0,0,0,0,0,0,7.8125e-4,0,0,0,0,0,0,0,0,0,7.8125e-4,0,0,0,0,0
Jamaica,China,2013-04-01,0,0,0,0,0,0,0,0,0,1,0,1,0,0,0,0,0,0,0,0,0,1390,1392,0,0,0,0,0,0,0,0,0,7.183908045977011e-4,0,7.183908045977011e-4,0,0,0,0,0,0,0,0,0,7.183908045977011e-4,0,0,7.183908045977011e-4,0,0
Jamaica,China,2013-05-01,0,0,0,0,0,1,0,1,0,0,0,0,0,0,0,0,0,0,0,0,0,1426,1429,0,0,0,0,0,6.997900629811056e-4,0,6.997900629811056e-4,0,0,0,0,0,0,0,0,0,0,0,0,0,0,0,0.0013995801259622112,0,0,0
Jamaica,China,2013-06-01,0,0,0,0,0,0,0,0,0,0,0,0,0,0,0,0,0,0,1,0,0,1331,1333,0,0,0,0,0,0,0,0,0,0,0,0,0,0,0,0,0,0,7.501875468867217e-4,0,0,0,0,0,7.501875468867217e-4,0,0
Jamaica,China,2013-07-01,0,0,0,0,0,0,0,0,0,1,0,1,0,0,0,0,0,0,0,0,0,1355,1357,0,0,0,0,0,0,0,0,0,7.369196757553427e-4,0,7.369196757553427e-4,0,0,0,0,0,0,0,0,0,7.369196757553427e-4,0,0,7.369196757553427e-4,0,0
Jamaica,China,2013-08-01,0,0,0,1,0,3,0,1,1,4,0,2,0,0,0,0,2,0,2,0,0,1284,1301,0,0,0,7.686395080707148e-4,0,0.0023059185242121443,0,7.686395080707148e-4,7.686395080707148e-4,0.0030745580322828594,0,0.0015372790161414297,0,0,0,0,0.0015372790161414297,0,0.0015372790161414297,0,0,0.0015372790161414297,0,0.003843197540353574,0.005380476556495004,0,0.0015372790161414297
Jamaica,China,2013-09-01,0,0,0,0,0,0,0,0,0,1,0,1,0,0,0,0,1,0,0,0,0,1225,1228,0,0,0,0,0,0,0,0,0,8.143322475570033e-4,0,8.143322475570033e-4,0,0,0,0,8.143322475570033e-4,0,0,0,0,8.143322475570033e-4,0,0,8.143322475570033e-4,0,8.143322475570033e-4
Jamaica,China,2013-10-01,0,0,0,0,0,0,0,0,0,0,0,0,0,0,0,0,0,0,0,0,0,1460,1461,0,0,0,0,0,0,0,0,0,0,0,0,0,0,0,0,0,0,0,0,0,0,0,0,0,0,0
Jamaica,China,2013-11-01,0,0,0,0,0,0,1,0,0,0,0,0,0,0,0,0,0,0,0,0,0,1411,1413,0,0,0,0,0,0,7.077140835102619e-4,0,0,0,0,0,0,0,0,0,0,0,0,0,0,0,0,7.077140835102619e-4,0,0,0
Jamaica,China,2013-12-01,0,0,0,0,0,3,0,0,0,0,0,0,0,0,0,0,1,0,0,0,0,1235,1240,0,0,0,0,0,0.0024193548387096775,0,0,0,0,0,0,0,0,0,0,8.064516129032258e-4,0,0,0,0,0,0,0.0024193548387096775,0,0,8.064516129032258e-4
Jamaica,China,2014-01-01,0,0,0,0,0,0,0,0,0,0,1,0,0,0,0,0,0,0,1,0,0,1277,1279,0,0,0,0,0,0,0,0,0,0,7.818608287724785e-4,0,0,0,0,0,0,0,7.818608287724785e-4,0,0,0,0,0,7.818608287724785e-4,7.818608287724785e-4,0
Jamaica,China,2014-02-01,0,0,0,3,0,0,0,0,1,1,0,0,0,0,0,0,0,0,0,0,0,1221,1226,0,0,0,0.0024469820554649264,0,0,0,0,8.156606851549756e-4,8.156606851549756e-4,0,0,0,0,0,0,0,0,0,0,0,0,0,0.0024469820554649264,0.0016313213703099511,0,0
Jamaica,China,2014-03-01,0,0,0,0,1,0,0,0,0,2,0,1,0,1,0,0,1,0,1,0,0,1344,1352,0,0,0,0,7.396449704142012e-4,0,0,0,0,0.0014792899408284023,0,7.396449704142012e-4,0,7.396449704142012e-4,0,0,7.396449704142012e-4,0,7.396449704142012e-4,0,0,0.0014792899408284023,0,7.396449704142012e-4,0.0022189349112426036,0,7.396449704142012e-4
Jamaica,China,2014-04-01,0,0,0,0,0,1,0,0,0,1,0,1,0,0,0,0,1,0,0,0,0,1285,1290,0,0,0,0,0,7.751937984496124e-4,0,0,0,7.751937984496124e-4,0,7.751937984496124e-4,0,0,0,0,7.751937984496124e-4,0,0,0,0,7.751937984496124e-4,0,7.751937984496124e-4,7.751937984496124e-4,0,7.751937984496124e-4
Jamaica,China,2014-05-01,0,0,0,0,0,0,0,0,0,1,0,2,0,0,0,0,1,0,0,0,0,1392,1397,0,0,0,0,0,0,0,0,0,7.158196134574087e-4,0,0.0014316392269148174,0,0,0,0,7.158196134574087e-4,0,0,0,0,0.0014316392269148174,0,0,7.158196134574087e-4,0,7.158196134574087e-4
Jamaica,China,2014-06-01,0,0,0,0,0,2,0,0,0,2,0,0,0,0,0,0,1,0,0,0,0,1445,1451,0,0,0,0,0,0.0013783597518952446,0,0,0,0.0013783597518952446,0,0,0,0,0,0,6.891798759476223e-4,0,0,0,0,0,0,0.0013783597518952446,0.0013783597518952446,0,6.891798759476223e-4
Jamaica,China,2014-07-01,0,0,0,0,0,0,0,0,0,0,0,0,0,0,0,0,0,0,0,0,0,1527,1528,0,0,0,0,0,0,0,0,0,0,0,0,0,0,0,0,0,0,0,0,0,0,0,0,0,0,0
Jamaica,China,2014-08-01,0,0,0,0,0,0,0,0,0,1,0,0,0,0,0,0,2,0,0,0,0,1735,1739,0,0,0,0,0,0,0,0,0,5.750431282346176e-4,0,0,0,0,0,0,0.0011500862564692352,0,0,0,0,0,0,0,5.750431282346176e-4,0,0.0011500862564692352
Jamaica,China,2014-09-01,0,0,0,0,0,0,0,0,0,0,0,0,0,1,0,0,1,1,1,0,0,2300,2304,0,0,0,0,0,0,0,0,0,0,0,0,0,4.3402777777777775e-4,0,0,4.3402777777777775e-4,4.3402777777777775e-4,4.3402777777777775e-4,0,0,4.3402777777777775e-4,0,0,8.680555555555555e-4,0,4.3402777777777775e-4
Jamaica,China,2014-10-01,0,0,0,0,0,0,1,0,1,0,0,0,0,0,0,0,0,0,0,0,0,2468,2471,0,0,0,0,0,0,4.046944556859571e-4,0,4.046944556859571e-4,0,0,0,0,0,0,0,0,0,0,0,0,0,0,4.046944556859571e-4,4.046944556859571e-4,0,0
Jamaica,China,2014-11-01,0,0,0,1,0,1,0,0,0,0,0,2,0,0,0,0,0,0,0,0,0,2522,2526,0,0,0,3.95882818685669e-4,0,3.95882818685669e-4,0,0,0,0,0,7.91765637371338e-4,0,0,0,0,0,0,0,0,0,7.91765637371338e-4,0,7.91765637371338e-4,0,0,0
Jamaica,China,2014-12-01,0,0,0,0,0,0,0,0,0,1,0,0,0,0,0,0,0,1,0,0,0,2488,2490,0,0,0,0,0,0,0,0,0,4.0160642570281126e-4,0,0,0,0,0,0,0,4.0160642570281126e-4,0,0,0,0,0,0,8.032128514056225e-4,0,0
Jamaica,China,2015-01-01,0,0,0,0,0,5,0,0,0,1,1,0,0,0,0,0,0,0,1,1,0,2299,2309,0,0,0,0,0,0.0021654395842356,0,0,0,4.3308791684711995e-4,4.3308791684711995e-4,0,0,0,0,0,0,0,4.3308791684711995e-4,4.3308791684711995e-4,0,0,0,0.0021654395842356,0.00129926375054136,4.3308791684711995e-4,0
Jamaica,China,2015-02-01,0,0,0,0,0,0,0,0,0,0,0,0,0,0,0,0,0,0,0,0,0,2147,2147,0,0,0,0,0,0,0,0,0,0,0,0,0,0,0,0,0,0,0,0,0,0,0,0,0,0,0
Jamaica,China,2015-03-01,0,0,0,0,0,0,0,0,0,0,0,0,0,0,0,0,0,0,0,0,0,2615,2616,0,0,0,0,0,0,0,0,0,0,0,0,0,0,0,0,0,0,0,0,0,0,0,0,0,0,0
Jamaica,China,2015-04-01,0,0,0,2,0,0,3,0,0,2,0,1,0,0,0,0,0,0,0,0,0,2268,2276,0,0,0,8.787346221441124e-4,0,0,0.0013181019332161687,0,0,8.787346221441124e-4,0,4.393673110720562e-4,0,0,0,0,0,0,0,0,0,4.393673110720562e-4,0,0.002196836555360281,8.787346221441124e-4,0,0
Jamaica,China,2015-05-01,0,1,0,0,0,0,0,0,0,0,0,3,0,0,0,0,2,0,0,0,0,2494,2501,0,3.9984006397441024e-4,0,0,0,0,0,0,0,0,0,0.0011995201919232307,0,0,0,0,7.996801279488205e-4,0,0,0,0,0.0011995201919232307,3.9984006397441024e-4,0,0,0,7.996801279488205e-4
Jamaica,China,2015-06-01,0,0,0,0,0,0,0,0,0,2,0,2,0,0,0,0,2,0,2,0,0,2484,2493,0,0,0,0,0,0,0,0,0,8.022462896109105e-4,0,8.022462896109105e-4,0,0,0,0,8.022462896109105e-4,0,8.022462896109105e-4,0,0,8.022462896109105e-4,0,0,0.001604492579221821,0,8.022462896109105e-4
Jamaica,China,2015-07-01,0,0,0,0,0,0,0,0,0,1,0,0,0,0,0,0,1,0,0,0,0,2534,2537,0,0,0,0,0,0,0,0,0,3.9416633819471815e-4,0,0,0,0,0,0,3.9416633819471815e-4,0,0,0,0,0,0,0,3.9416633819471815e-4,0,3.9416633819471815e-4
Jamaica,China,2015-08-01,0,0,0,0,0,2,0,2,0,1,0,3,0,1,0,0,1,0,0,0,1,2372,2383,0,0,0,0,0,8.39278220730172e-4,0,8.39278220730172e-4,0,4.19639110365086e-4,0,0.001258917331095258,0,4.19639110365086e-4,0,0,4.19639110365086e-4,0,0,0,4.19639110365086e-4,0.001678556441460344,4.19639110365086e-4,0.001678556441460344,4.19639110365086e-4,0,4.19639110365086e-4
Jamaica,China,2015-09-01,0,0,0,1,0,1,0,1,0,0,0,0,0,0,0,0,0,0,1,1,0,2345,2351,0,0,0,4.253509145044662e-4,0,4.253509145044662e-4,0,4.253509145044662e-4,0,0,0,0,0,0,0,0,0,0,4.253509145044662e-4,4.253509145044662e-4,0,0,0,0.0012760527435133986,8.507018290089324e-4,0,0
Jamaica,China,2015-10-01,0,0,0,1,0,1,0,0,0,0,0,0,0,0,0,0,0,0,0,0,0,2402,2405,0,0,0,4.158004158004158e-4,0,4.158004158004158e-4,0,0,0,0,0,0,0,0,0,0,0,0,0,0,0,0,0,8.316008316008316e-4,0,0,0
Jamaica,China,2015-11-01,0,0,0,0,0,0,0,4,0,1,0,0,0,0,0,0,0,0,0,0,0,2388,2394,0,0,0,0,0,0,0,0.001670843776106934,0,4.177109440267335e-4,0,0,0,0,0,0,0,0,0,0,0,0,0,0.001670843776106934,4.177109440267335e-4,0,0
Jamaica,China,2015-12-01,0,0,0,0,0,0,0,0,0,2,0,0,0,0,0,0,0,0,0,0,0,2242,2244,0,0,0,0,0,0,0,0,0,8.9126559714795e-4,0,0,0,0,0,0,0,0,0,0,0,0,0,0,8.9126559714795e-4,0,0
Jamaica,China,2016-01-01,0,0,0,0,0,0,0,0,0,1,0,0,0,0,0,0,0,0,0,0,0,2401,2402,0,0,0,0,0,0,0,0,0,4.1631973355537054e-4,0,0,0,0,0,0,0,0,0,0,0,0,0,0,4.1631973355537054e-4,0,0
Jamaica,China,2016-02-01,0,0,0,0,0,0,0,0,0,1,0,1,0,0,0,0,0,0,0,0,0,2629,2632,0,0,0,0,0,0,0,0,0,3.7993920972644377e-4,0,3.7993920972644377e-4,0,0,0,0,0,0,0,0,0,3.7993920972644377e-4,0,0,3.7993920972644377e-4,0,0
Jamaica,China,2016-03-01,0,0,0,0,1,1,0,0,0,4,0,0,0,0,0,0,0,0,1,0,0,2509,2516,0,0,0,0,3.97456279809221e-4,3.97456279809221e-4,0,0,0,0.001589825119236884,0,0,0,0,0,0,0,0,3.97456279809221e-4,0,0,0,0,7.94912559618442e-4,0.0019872813990461052,0,0
Jamaica,China,2016-04-01,0,0,0,0,0,3,0,0,0,0,0,0,0,0,0,0,1,1,0,0,0,2311,2317,0,0,0,0,0,0.001294777729823047,0,0,0,0,0,0,0,0,0,0,4.3159257660768235e-4,4.3159257660768235e-4,0,0,0,0,0,0.001294777729823047,4.3159257660768235e-4,0,4.3159257660768235e-4
Jamaica,China,2016-05-01,0,0,0,0,0,1,1,0,0,1,0,1,0,0,0,0,1,0,0,0,0,2464,2470,0,0,0,0,0,4.048582995951417e-4,4.048582995951417e-4,0,0,4.048582995951417e-4,0,4.048582995951417e-4,0,0,0,0,4.048582995951417e-4,0,0,0,0,4.048582995951417e-4,0,8.097165991902834e-4,4.048582995951417e-4,0,4.048582995951417e-4
Jamaica,China,2016-06-01,0,0,0,0,0,0,0,0,0,1,0,0,0,0,0,0,1,0,0,0,1,2430,2434,0,0,0,0,0,0,0,0,0,4.108463434675431e-4,0,0,0,0,0,0,4.108463434675431e-4,0,0,0,4.108463434675431e-4,0,4.108463434675431e-4,0,4.108463434675431e-4,0,4.108463434675431e-4
Jamaica,China,2016-07-01,0,0,0,0,0,0,0,0,0,4,0,0,0,0,0,0,2,0,1,0,0,2289,2297,0,0,0,0,0,0,0,0,0,0.0017414018284719198,0,0,0,0,0,0,8.707009142359599e-4,0,4.3535045711797995e-4,0,0,0,0,0,0.0021767522855899,0,8.707009142359599e-4
Jamaica,China,2016-08-01,0,1,0,0,0,0,0,0,0,1,0,0,0,0,0,0,0,0,0,0,0,2290,2293,0,4.361098996947231e-4,0,0,0,0,0,0,0,4.361098996947231e-4,0,0,0,0,0,0,0,0,0,0,0,0,4.361098996947231e-4,0,4.361098996947231e-4,0,0
Jamaica,China,2016-09-01,0,1,0,0,0,0,0,0,0,2,0,0,0,0,0,0,2,1,0,0,0,2218,2225,0,4.4943820224719103e-4,0,0,0,0,0,0,0,8.988764044943821e-4,0,0,0,0,0,0,8.988764044943821e-4,4.4943820224719103e-4,0,0,0,0,4.4943820224719103e-4,0,0.001348314606741573,0,8.988764044943821e-4
Jamaica,China,2016-10-01,0,0,0,0,0,0,0,0,0,0,0,1,0,0,0,0,0,0,0,0,0,2431,2433,0,0,0,0,0,0,0,0,0,0,0,4.110152075626798e-4,0,0,0,0,0,0,0,0,0,4.110152075626798e-4,0,0,0,0,0
Jamaica,China,2016-11-01,0,0,0,0,0,0,0,0,0,2,0,0,0,0,0,0,0,2,0,0,0,2369,2374,0,0,0,0,0,0,0,0,0,8.424599831508003e-4,0,0,0,0,0,0,0,8.424599831508003e-4,0,0,0,0,0,0,0.0016849199663016006,0,0
Jamaica,China,2016-12-01,0,0,0,0,0,0,0,0,0,0,0,0,0,0,0,0,0,0,0,1,0,2230,2231,0,0,0,0,0,0,0,0,0,0,0,0,0,0,0,0,0,0,0,4.4822949350067237e-4,0,0,0,0,4.4822949350067237e-4,0,0
Jamaica,China,2017-01-01,0,0,0,0,0,0,0,0,0,4,0,0,0,0,0,0,3,0,0,0,0,2327,2335,0,0,0,0,0,0,0,0,0,0.0017130620985010706,0,0,0,0,0,0,0.001284796573875803,0,0,0,0,0,0,0,0.0017130620985010706,0,0.001284796573875803
Jamaica,China,2017-02-01,0,0,0,0,0,0,0,0,2,3,0,0,0,0,0,0,1,0,2,1,0,2404,2413,0,0,0,0,0,0,0,0,8.288437629506838e-4,0.0012432656444260257,0,0,0,0,0,0,4.144218814753419e-4,0,8.288437629506838e-4,4.144218814753419e-4,0,0,0,0,0.003315375051802735,0,4.144218814753419e-4
Jamaica,China,2017-03-01,0,0,0,0,0,0,1,0,0,4,0,0,0,0,0,0,1,0,0,0,0,2676,2682,0,0,0,0,0,0,3.728560775540641e-4,0,0,0.0014914243102162564,0,0,0,0,0,0,3.728560775540641e-4,0,0,0,0,0,0,3.728560775540641e-4,0.0014914243102162564,0,3.728560775540641e-4
Jamaica,China,2017-04-01,0,1,0,0,0,0,1,0,0,0,0,0,0,0,0,0,0,0,0,0,0,2349,2351,0,4.253509145044662e-4,0,0,0,0,4.253509145044662e-4,0,0,0,0,0,0,0,0,0,0,0,0,0,0,0,4.253509145044662e-4,4.253509145044662e-4,0,0,0
Jamaica,China,2017-05-01,0,1,0,0,0,0,0,0,0,1,0,1,0,0,0,1,3,0,0,0,0,2383,2390,0,4.1841004184100416e-4,0,0,0,0,0,0,0,4.1841004184100416e-4,0,4.1841004184100416e-4,0,0,0,4.1841004184100416e-4,0.0012552301255230125,0,0,0,0,8.368200836820083e-4,4.1841004184100416e-4,0,4.1841004184100416e-4,0,0.0012552301255230125
Jamaica,China,2017-06-01,0,0,0,0,0,0,0,0,0,2,0,0,0,0,0,0,3,0,1,0,0,2465,2471,0,0,0,0,0,0,0,0,0,8.093889113719142e-4,0,0,0,0,0,0,0.0012140833670578712,0,4.046944556859571e-4,0,0,0,0,0,0.0012140833670578714,0,0.0012140833670578712
Jamaica,China,2017-07-01,0,0,0,0,0,0,0,0,0,2,0,0,0,1,0,0,0,0,0,0,0,2469,2472,0,0,0,0,0,0,0,0,0,8.090614886731392e-4,0,0,0,4.045307443365696e-4,0,0,0,0,0,0,0,4.045307443365696e-4,0,0,8.090614886731392e-4,0,0
Jamaica,China,2017-08-01,0,0,0,0,1,0,3,0,0,3,0,1,0,2,0,0,0,0,0,0,0,2335,2345,0,0,0,0,4.2643923240938164e-4,0,0.001279317697228145,0,0,0.001279317697228145,0,4.2643923240938164e-4,0,8.528784648187633e-4,0,0,0,0,0,0,0,0.0012793176972281449,0,0.0017057569296375268,0.001279317697228145,0,0
Jamaica,China,2017-09-01,0,0,0,0,1,4,1,3,1,0,0,0,0,0,0,0,0,0,1,0,0,2288,2299,0,0,0,0,4.3497172683775554e-4,0.0017398869073510222,4.3497172683775554e-4,0.0013049151805132667,4.3497172683775554e-4,0,0,0,0,0,0,0,0,0,4.3497172683775554e-4,0,0,0,0,0.0039147455415398,8.699434536755111e-4,0,0
Jamaica,China,2017-10-01,0,0,0,0,0,0,0,0,0,0,0,0,0,0,0,0,3,0,2,0,1,2280,2286,0,0,0,0,0,0,0,0,0,0,0,0,0,0,0,0,0.0013123359580052493,0,8.748906386701663e-4,0,4.374453193350831e-4,0,4.374453193350831e-4,0,8.748906386701663e-4,0,0.0013123359580052493
Jamaica,China,2017-11-01,0,0,0,0,0,1,0,0,0,0,0,0,0,0,0,0,0,0,0,0,0,2273,2275,0,0,0,0,0,4.3956043956043956e-4,0,0,0,0,0,0,0,0,0,0,0,0,0,0,0,0,0,4.3956043956043956e-4,0,0,0
Jamaica,China,2017-12-01,0,0,0,0,0,0,0,0,0,1,0,0,0,0,0,0,0,0,0,0,0,2104,2105,0,0,0,0,0,0,0,0,0,4.7505938242280285e-4,0,0,0,0,0,0,0,0,0,0,0,0,0,0,4.7505938242280285e-4,0,0
Jamaica,China,2018-01-01,0,0,0,0,0,0,0,0,0,0,0,1,0,0,0,0,2,0,2,0,0,2280,2285,0,0,0,0,0,0,0,0,0,0,0,4.37636761487965e-4,0,0,0,0,8.7527352297593e-4,0,8.7527352297593e-4,0,0,4.37636761487965e-4,0,0,8.7527352297593e-4,0,8.7527352297593e-4
Jamaica,China,2018-02-01,0,0,0,0,0,2,2,2,0,2,0,2,0,0,0,0,1,0,0,0,0,2114,2125,0,0,0,0,0,9.411764705882353e-4,9.411764705882353e-4,9.411764705882353e-4,0,9.411764705882353e-4,0,9.411764705882353e-4,0,0,0,0,4.7058823529411766e-4,0,0,0,0,9.411764705882353e-4,0,0.002823529411764706,9.411764705882353e-4,0,4.7058823529411766e-4
Jamaica,China,2018-03-01,0,0,0,0,0,0,0,2,0,1,2,0,0,0,0,0,1,0,0,1,0,2198,2205,0,0,0,0,0,0,0,9.070294784580499e-4,0,4.5351473922902497e-4,9.070294784580499e-4,0,0,0,0,0,4.5351473922902497e-4,0,0,4.5351473922902497e-4,0,0,0,9.070294784580499e-4,9.070294784580499e-4,9.070294784580499e-4,4.5351473922902497e-4
Jamaica,China,2018-04-01,0,0,0,0,0,1,0,1,0,1,0,0,0,0,0,0,0,0,0,0,0,2122,2125,0,0,0,0,0,4.7058823529411766e-4,0,4.7058823529411766e-4,0,4.7058823529411766e-4,0,0,0,0,0,0,0,0,0,0,0,0,0,9.411764705882353e-4,4.7058823529411766e-4,0,0
Jamaica,China,2018-05-01,0,0,0,0,0,0,0,1,0,0,0,0,0,0,0,0,0,0,0,0,0,2417,2419,0,0,0,0,0,0,0,4.1339396444811904e-4,0,0,0,0,0,0,0,0,0,0,0,0,0,0,0,4.1339396444811904e-4,0,0,0
Jamaica,China,2018-06-01,0,0,0,0,0,1,0,0,0,1,0,3,0,0,0,0,0,0,1,0,0,2020,2026,0,0,0,0,0,4.935834155972359e-4,0,0,0,4.935834155972359e-4,0,0.0014807502467917078,0,0,0,0,0,0,4.935834155972359e-4,0,0,0.0014807502467917078,0,4.935834155972359e-4,9.871668311944718e-4,0,0
Jamaica,China,2018-07-01,0,0,0,0,0,0,0,0,0,4,0,0,0,0,1,0,0,0,2,0,0,2202,2209,0,0,0,0,0,0,0,0,0,0.0018107741059302852,0,0,0,0,4.526935264825713e-4,0,0,0,9.053870529651426e-4,0,0,0,0,0,0.002716161158895428,4.526935264825713e-4,0
Jamaica,China,2018-08-01,0,0,0,0,0,0,0,0,0,0,0,1,0,0,0,0,6,0,1,0,0,2077,2085,0,0,0,0,0,0,0,0,0,0,0,4.7961630695443646e-4,0,0,0,0,0.0028776978417266188,0,4.7961630695443646e-4,0,0,4.7961630695443646e-4,0,0,4.7961630695443646e-4,0,0.0028776978417266188
Jamaica,China,2018-09-01,0,0,0,0,0,0,0,0,0,0,0,1,0,0,0,0,1,0,1,1,0,2086,2090,0,0,0,0,0,0,0,0,0,0,0,4.784688995215311e-4,0,0,0,0,4.784688995215311e-4,0,4.784688995215311e-4,4.784688995215311e-4,0,4.784688995215311e-4,0,0,9.569377990430622e-4,0,4.784688995215311e-4
Jamaica,China,2018-10-01,0,0,0,1,0,3,3,0,0,1,0,2,0,0,0,0,0,2,1,0,0,2160,2173,0,0,0,4.601932811780948e-4,0,0.0013805798435342844,0.0013805798435342844,0,0,4.601932811780948e-4,0,9.203865623561896e-4,0,0,0,0,0,9.203865623561896e-4,4.601932811780948e-4,0,0,9.203865623561896e-4,0,0.0032213529682466636,0.0018407731247123793,0,0
Jamaica,China,2018-11-01,0,0,0,0,0,2,0,0,2,2,0,0,0,0,0,0,5,0,0,1,0,2090,2103,0,0,0,0,0,9.510223490252021e-4,0,0,9.510223490252021e-4,9.510223490252021e-4,0,0,0,0,0,0,0.0023775558725630053,0,0,4.7551117451260106e-4,0,0,0,9.510223490252021e-4,0.0023775558725630053,0,0.0023775558725630053
Jamaica,China,2018-12-01,0,0,0,0,0,0,0,0,0,1,0,0,0,0,0,0,1,0,0,0,0,1874,1876,0,0,0,0,0,0,0,0,0,5.330490405117271e-4,0,0,0,0,0,0,5.330490405117271e-4,0,0,0,0,0,0,0,5.330490405117271e-4,0,5.330490405117271e-4
Jamaica,China,2019-01-01,0,0,0,0,0,0,0,0,0,4,0,3,0,0,0,0,0,0,0,0,0,1953,1961,0,0,0,0,0,0,0,0,0,0.002039775624681285,0,0.0015298317185109638,0,0,0,0,0,0,0,0,0,0.0015298317185109638,0,0,0.002039775624681285,0,0
Jamaica,China,2019-02-01,0,0,0,0,0,0,0,0,0,2,0,0,0,0,0,1,1,0,0,0,0,1854,1858,0,0,0,0,0,0,0,0,0,0.001076426264800861,0,0,0,0,0,5.382131324004305e-4,5.382131324004305e-4,0,0,0,0,5.382131324004305e-4,0,0,0.001076426264800861,0,5.382131324004305e-4
Jamaica,China,2019-03-01,0,0,0,0,0,3,0,0,0,2,0,0,0,0,0,0,0,0,0,0,0,2059,2064,0,0,0,0,0,0.0014534883720930232,0,0,0,9.689922480620155e-4,0,0,0,0,0,0,0,0,0,0,0,0,0,0.0014534883720930232,9.689922480620155e-4,0,0
Jamaica,China,2019-04-01,0,0,0,0,0,0,0,1,0,2,0,3,0,0,0,0,0,0,1,0,0,1916,1923,0,0,0,0,0,0,0,5.200208008320333e-4,0,0.0010400416016640667,0,0.0015600624024961,0,0,0,0,0,0,5.200208008320333e-4,0,0,0.0015600624024961,0,5.200208008320333e-4,0.0015600624024961,0,0
Jamaica,China,2019-05-01,0,0,0,0,0,0,0,0,0,0,0,1,0,0,0,0,0,0,1,0,0,2177,2179,0,0,0,0,0,0,0,0,0,0,0,4.589261128958238e-4,0,0,0,0,0,0,4.589261128958238e-4,0,0,4.589261128958238e-4,0,0,4.589261128958238e-4,0,0
Jamaica,China,2019-06-01,0,0,0,0,0,0,0,0,0,0,0,3,0,0,0,0,1,0,0,0,0,2080,2084,0,0,0,0,0,0,0,0,0,0,0,0.0014395393474088292,0,0,0,0,4.798464491362764e-4,0,0,0,0,0.0014395393474088292,0,0,0,0,4.798464491362764e-4
Jamaica,China,2019-07-01,0,0,0,0,0,0,0,1,1,1,0,2,0,0,0,0,0,0,0,0,0,2010,2015,0,0,0,0,0,0,0,4.962779156327543e-4,4.962779156327543e-4,4.962779156327543e-4,0,9.925558312655087e-4,0,0,0,0,0,0,0,0,0,9.925558312655087e-4,0,4.962779156327543e-4,9.925558312655087e-4,0,0
Jamaica,China,2019-08-01,1,0,0,0,0,0,0,0,0,1,0,0,0,0,0,0,4,0,0,0,0,2033,2039,4.904364884747426e-4,0,0,0,0,0,0,0,0,4.904364884747426e-4,0,0,0,0,0,0,0.00196174595389897,0,0,0,0,4.904364884747426e-4,0,0,4.904364884747426e-4,0,0.00196174595389897
Jamaica,China,2019-09-01,0,0,0,0,0,1,0,0,0,1,0,0,0,0,0,0,0,0,1,0,0,2022,2026,0,0,0,0,0,4.935834155972359e-4,0,0,0,4.935834155972359e-4,0,0,0,0,0,0,0,0,4.935834155972359e-4,0,0,0,0,4.935834155972359e-4,9.871668311944718e-4,0,0
Jamaica,China,2019-10-01,0,0,0,0,0,1,0,0,0,2,0,0,0,0,0,0,1,1,4,1,0,2141,2152,0,0,0,0,0,4.6468401486988845e-4,0,0,0,9.293680297397769e-4,0,0,0,0,0,0,4.6468401486988845e-4,4.6468401486988845e-4,0.0018587360594795538,4.6468401486988845e-4,0,0,0,4.6468401486988845e-4,0.0037174721189591076,0,4.6468401486988845e-4
Jamaica,China,2019-11-01,0,0,0,0,0,5,6,1,2,1,0,2,0,1,0,0,1,0,7,0,0,2126,2152,0,0,0,0,0,0.0023234200743494425,0.0027881040892193307,4.6468401486988845e-4,9.293680297397769e-4,4.6468401486988845e-4,0,9.293680297397769e-4,0,4.6468401486988845e-4,0,0,4.6468401486988845e-4,0,0.0032527881040892194,0,0,0.0013940520446096654,0,0.0055762081784386614,0.004646840148698885,0,4.6468401486988845e-4
Jamaica,China,2019-12-01,0,0,0,0,0,1,0,1,0,2,0,0,0,0,1,0,0,0,1,0,0,1988,1994,0,0,0,0,0,5.015045135406219e-4,0,5.015045135406219e-4,0,0.0010030090270812437,0,0,0,0,5.015045135406219e-4,0,0,0,5.015045135406219e-4,0,0,0,0,0.0010030090270812437,0.0015045135406218657,5.015045135406219e-4,0
Jamaica,China,2020-01-01,0,0,0,3,0,0,1,0,0,1,0,0,0,0,0,0,0,0,1,0,0,2103,2109,0,0,0,0.001422475106685633,0,0,4.74158368895211e-4,0,0,4.74158368895211e-4,0,0,0,0,0,0,0,0,4.74158368895211e-4,0,0,0,0,0.001896633475580844,9.48316737790422e-4,0,0
Jamaica,China,2020-02-01,0,0,0,3,0,2,0,1,0,0,0,2,0,1,0,0,2,0,2,1,1,1888,1904,0,0,0,0.0015756302521008404,0,0.0010504201680672268,0,5.252100840336134e-4,0,0,0,0.0010504201680672268,0,5.252100840336134e-4,0,0,0.0010504201680672268,0,0.0010504201680672268,5.252100840336134e-4,5.252100840336134e-4,0.0015756302521008404,5.252100840336134e-4,0.0031512605042016808,0.0015756302521008404,0,0.0010504201680672268
Jamaica,China,2020-03-01,0,0,0,0,0,0,0,0,2,1,0,0,0,0,0,0,0,0,0,0,1,2321,2325,0,0,0,0,0,0,0,0,8.602150537634409e-4,4.3010752688172043e-4,0,0,0,0,0,0,0,0,0,0,4.3010752688172043e-4,0,4.3010752688172043e-4,0,0.0012903225806451613,0,0
Jamaica,China,2020-04-01,0,0,0,0,0,0,0,0,3,1,0,0,0,0,0,0,0,0,0,0,0,2115,2119,0,0,0,0,0,0,0,0,0.001415762151958471,4.7192071731949034e-4,0,0,0,0,0,0,0,0,0,0,0,0,0,0,0.0018876828692779614,0,0
Jamaica,China,2020-05-01,0,0,0,0,0,0,0,0,1,0,0,0,0,0,0,0,0,0,0,0,0,2160,2161,0,0,0,0,0,0,0,0,4.6274872744099955e-4,0,0,0,0,0,0,0,0,0,0,0,0,0,0,0,4.6274872744099955e-4,0,0
Jamaica,China,2020-06-01,0,0,0,0,0,0,0,0,0,0,0,0,0,0,0,0,1,0,3,0,1,2091,2096,0,0,0,0,0,0,0,0,0,0,0,0,0,0,0,0,4.7709923664122136e-4,0,0.0014312977099236641,0,4.7709923664122136e-4,0,4.7709923664122136e-4,0,0.0014312977099236641,0,4.7709923664122136e-4
Jamaica,China,2020-07-01,0,0,0,0,0,0,0,0,0,0,0,0,0,0,0,0,1,1,0,1,0,2305,2308,0,0,0,0,0,0,0,0,0,0,0,0,0,0,0,0,4.332755632582322e-4,4.332755632582322e-4,0,4.332755632582322e-4,0,0,0,0,8.665511265164644e-4,0,4.332755632582322e-4
Jamaica,China,2020-08-01,0,0,0,1,0,0,0,0,0,0,0,0,0,0,0,0,0,0,0,0,0,2332,2333,0,0,0,4.286326618088298e-4,0,0,0,0,0,0,0,0,0,0,0,0,0,0,0,0,0,0,0,4.286326618088298e-4,0,0,0
Jamaica,China,2020-09-01,0,0,0,0,0,0,0,0,0,1,0,0,0,0,0,0,0,1,1,0,0,2352,2355,0,0,0,0,0,0,0,0,0,4.246284501061571e-4,0,0,0,0,0,0,0,4.246284501061571e-4,4.246284501061571e-4,0,0,0,0,0,0.0012738853503184715,0,0
Jamaica,China,2020-10-01,0,0,0,2,0,0,3,0,0,0,0,0,0,0,0,0,0,0,1,0,0,2126,2132,0,0,0,9.380863039399625e-4,0,0,0.0014071294559099437,0,0,0,0,0,0,0,0,0,0,0,4.6904315196998124e-4,0,0,0,0,0.0023452157598499064,4.6904315196998124e-4,0,0
Jamaica,China,2020-11-01,0,0,0,0,0,0,1,0,0,0,0,0,0,0,0,0,0,0,3,0,0,2052,2056,0,0,0,0,0,0,4.8638132295719845e-4,0,0,0,0,0,0,0,0,0,0,0,0.0014591439688715954,0,0,0,0,4.8638132295719845e-4,0.0014591439688715954,0,0
Jamaica,China,2020-12-01,0,0,0,0,0,1,2,0,0,1,0,1,0,0,0,0,0,0,0,1,0,2181,2187,0,0,0,0,0,4.572473708276177e-4,9.144947416552355e-4,0,0,4.572473708276177e-4,0,4.572473708276177e-4,0,0,0,0,0,0,0,4.572473708276177e-4,0,4.572473708276177e-4,0,0.0013717421124828531,9.144947416552355e-4,0,0
Jamaica,China,2021-01-01,0,0,0,0,0,0,0,0,0,2,3,1,0,0,0,0,0,5,1,0,0,2020,2032,0,0,0,0,0,0,0,0,0,9.84251968503937e-4,0.0014763779527559055,4.921259842519685e-4,0,0,0,0,0,0.0024606299212598425,4.921259842519685e-4,0,0,4.921259842519685e-4,0,0,0.003937007874015748,0.0014763779527559055,0
Jamaica,China,2021-02-01,0,0,0,0,0,0,0,0,0,0,0,0,0,0,0,0,0,1,1,0,0,2114,2116,0,0,0,0,0,0,0,0,0,0,0,0,0,0,0,0,0,4.725897920604915e-4,4.725897920604915e-4,0,0,0,0,0,9.45179584120983e-4,0,0
Jamaica,China,2021-03-01,0,0,0,0,0,0,0,0,0,0,0,0,0,0,0,0,0,0,0,0,0,2353,2353,0,0,0,0,0,0,0,0,0,0,0,0,0,0,0,0,0,0,0,0,0,0,0,0,0,0,0
Jamaica,China,2021-04-01,0,0,0,0,0,0,1,0,0,0,0,1,0,0,0,0,0,0,0,0,0,2183,2185,0,0,0,0,0,0,4.576659038901602e-4,0,0,0,0,4.576659038901602e-4,0,0,0,0,0,0,0,0,0,4.576659038901602e-4,0,4.576659038901602e-4,0,0,0
Jamaica,China,2021-05-01,2,0,0,0,0,0,0,0,0,0,0,1,0,0,0,0,0,1,1,0,0,2251,2256,8.865248226950354e-4,0,0,0,0,0,0,0,0,0,0,4.432624113475177e-4,0,0,0,0,0,4.432624113475177e-4,4.432624113475177e-4,0,0,0.0013297872340425532,0,0,8.865248226950354e-4,0,0
Jamaica,China,2021-06-01,0,0,0,0,0,2,1,0,0,0,0,0,0,0,0,0,0,0,0,0,0,2219,2222,0,0,0,0,0,9.000900090009e-4,4.5004500450045e-4,0,0,0,0,0,0,0,0,0,0,0,0,0,0,0,0,0.0013501350135013501,0,0,0
Jamaica,China,2021-07-01,0,0,0,0,0,0,0,0,0,0,0,0,0,0,0,0,0,0,0,0,0,2317,2317,0,0,0,0,0,0,0,0,0,0,0,0,0,0,0,0,0,0,0,0,0,0,0,0,0,0,0
Jamaica,China,2021-08-01,0,0,0,0,0,0,0,0,0,0,0,0,0,0,0,0,0,0,0,0,0,2214,2214,0,0,0,0,0,0,0,0,0,0,0,0,0,0,0,0,0,0,0,0,0,0,0,0,0,0,0
Jamaica,China,2021-09-01,0,0,0,0,0,0,0,0,0,0,0,0,0,0,1,0,0,0,0,0,0,2148,2149,0,0,0,0,0,0,0,0,0,0,0,0,0,0,4.6533271288971617e-4,0,0,0,0,0,0,0,0,0,0,4.6533271288971617e-4,0
Jamaica,China,2021-10-01,1,0,0,0,0,0,0,0,0,0,0,0,0,0,0,0,0,0,0,0,0,2113,2114,4.730368968779565e-4,0,0,0,0,0,0,0,0,0,0,0,0,0,0,0,0,0,0,0,0,4.730368968779565e-4,0,0,0,0,0
Jamaica,China,2021-11-01,0,0,0,0,0,0,2,0,0,0,0,0,0,0,0,0,0,2,0,0,0,2183,2187,0,0,0,0,0,0,9.144947416552355e-4,0,0,0,0,0,0,0,0,0,0,9.144947416552355e-4,0,0,0,0,0,9.144947416552355e-4,9.144947416552355e-4,0,0
Jamaica,China,2021-12-01,1,0,0,0,0,0,0,0,0,0,0,0,0,0,0,0,0,0,0,0,0,2210,2211,4.522840343735866e-4,0,0,0,0,0,0,0,0,0,0,0,0,0,0,0,0,0,0,0,0,4.522840343735866e-4,0,0,0,0,0
Jamaica,China,2022-01-01,0,0,0,0,0,0,0,0,0,0,0,2,0,0,0,0,0,0,0,1,0,2223,2226,0,0,0,0,0,0,0,0,0,0,0,8.984725965858042e-4,0,0,0,0,0,0,0,4.492362982929021e-4,0,8.984725965858042e-4,0,0,4.492362982929021e-4,0,0
Jamaica,China,2022-02-01,0,0,0,0,0,0,0,0,0,0,0,2,0,0,0,0,0,0,0,0,0,2127,2129,0,0,0,0,0,0,0,0,0,0,0,9.394081728511038e-4,0,0,0,0,0,0,0,0,0,9.394081728511038e-4,0,0,0,0,0
Jamaica,China,2022-03-01,0,0,0,0,0,0,0,0,0,0,0,0,0,0,0,0,1,1,0,0,0,2476,2478,0,0,0,0,0,0,0,0,0,0,0,0,0,0,0,0,4.035512510088781e-4,4.035512510088781e-4,0,0,0,0,0,0,4.035512510088781e-4,0,4.035512510088781e-4
Jamaica,China,2022-04-01,0,0,0,1,0,0,0,0,0,0,0,0,0,1,0,0,0,0,2,0,0,2701,2705,0,0,0,3.696857670979667e-4,0,0,0,0,0,0,0,0,0,3.696857670979667e-4,0,0,0,0,7.393715341959334e-4,0,0,3.696857670979667e-4,0,3.696857670979667e-4,7.393715341959334e-4,0,0
Jamaica,China,2022-05-01,0,0,0,0,0,0,1,0,1,0,0,0,0,1,0,0,0,2,0,1,0,2733,2739,0,0,0,0,0,0,3.650967506389193e-4,0,3.650967506389193e-4,0,0,0,0,3.650967506389193e-4,0,0,0,7.301935012778386e-4,0,3.650967506389193e-4,0,3.650967506389193e-4,0,3.650967506389193e-4,0.0014603870025556773,0,0
Jamaica,China,2022-06-01,0,0,0,0,0,0,0,0,0,1,0,0,0,0,0,0,2,1,0,0,0,2619,2623,0,0,0,0,0,0,0,0,0,3.812428516965307e-4,0,0,0,0,0,0,7.624857033930614e-4,3.812428516965307e-4,0,0,0,0,0,0,7.624857033930614e-4,0,7.624857033930614e-4
Jamaica,China,2022-07-01,0,0,0,0,0,1,0,0,0,0,0,0,0,0,0,0,1,1,0,0,0,2679,2682,0,0,0,0,0,3.728560775540641e-4,0,0,0,0,0,0,0,0,0,0,3.728560775540641e-4,3.728560775540641e-4,0,0,0,0,0,3.728560775540641e-4,3.728560775540641e-4,0,3.728560775540641e-4
Jamaica,China,2022-08-01,0,0,0,1,0,1,1,0,0,0,0,2,0,1,0,0,0,0,0,1,0,2595,2602,0,0,0,3.843197540353574e-4,0,3.843197540353574e-4,3.843197540353574e-4,0,0,0,0,7.686395080707148e-4,0,3.843197540353574e-4,0,0,0,0,0,3.843197540353574e-4,0,0.0011529592621060724,0,0.0011529592621060724,3.843197540353574e-4,0,0
Jamaica,China,2022-09-01,0,0,0,0,0,0,0,0,0,0,0,0,0,0,0,1,0,0,0,0,0,2812,2813,0,0,0,0,0,0,0,0,0,0,0,0,0,0,0,3.5549235691432633e-4,0,0,0,0,0,3.5549235691432633e-4,0,0,0,0,0
Jamaica,China,2022-10-01,0,0,0,0,0,0,0,0,0,1,1,0,0,0,0,0,0,1,0,0,0,2415,2418,0,0,0,0,0,0,0,0,0,4.1356492969396195e-4,4.1356492969396195e-4,0,0,0,0,0,0,4.1356492969396195e-4,0,0,0,0,0,0,8.271298593879239e-4,4.1356492969396195e-4,0
Jamaica,China,2022-11-01,0,0,0,0,1,0,0,0,0,1,0,0,0,0,0,0,0,0,0,0,0,2221,2223,0,0,0,0,4.49842555105713e-4,0,0,0,0,4.49842555105713e-4,0,0,0,0,0,0,0,0,0,0,0,0,0,4.49842555105713e-4,4.49842555105713e-4,0,0
Jamaica,China,2022-12-01,0,0,0,0,0,0,1,0,1,1,0,0,0,0,0,0,0,0,0,0,0,2284,2287,0,0,0,0,0,0,4.3725404459991256e-4,0,4.3725404459991256e-4,4.3725404459991256e-4,0,0,0,0,0,0,0,0,0,0,0,0,0,4.3725404459991256e-4,8.745080891998251e-4,0,0
Jamaica,China,2023-01-01,0,0,0,0,0,0,0,0,0,0,0,0,0,0,0,0,1,0,0,0,0,2151,2152,0,0,0,0,0,0,0,0,0,0,0,0,0,0,0,0,4.6468401486988845e-4,0,0,0,0,0,0,0,0,0,4.6468401486988845e-4
Jamaica,China,2023-02-01,1,0,0,0,0,0,1,0,0,0,0,0,0,0,0,0,0,1,0,1,0,2241,2245,4.4543429844097997e-4,0,0,0,0,0,4.4543429844097997e-4,0,0,0,0,0,0,0,0,0,0,4.4543429844097997e-4,0,4.4543429844097997e-4,0,4.4543429844097997e-4,0,4.4543429844097997e-4,8.908685968819599e-4,0,0
Jamaica,China,2023-03-01,0,0,0,1,0,0,1,0,2,1,1,0,0,0,1,0,0,1,0,1,0,2595,2604,0,0,0,3.8402457757296467e-4,0,0,3.8402457757296467e-4,0,7.680491551459293e-4,3.8402457757296467e-4,3.8402457757296467e-4,0,0,0,3.8402457757296467e-4,0,0,3.8402457757296467e-4,0,3.8402457757296467e-4,0,0,0,7.680491551459293e-4,0.0019201228878648233,7.680491551459293e-4,0
Jamaica,China,2023-04-01,1,0,0,0,1,0,0,0,0,1,0,1,0,0,0,0,0,0,1,1,0,2245,2251,4.44247001332741e-4,0,0,0,4.44247001332741e-4,0,0,0,0,4.44247001332741e-4,0,4.44247001332741e-4,0,0,0,0,0,0,4.44247001332741e-4,4.44247001332741e-4,0,8.88494002665482e-4,0,4.44247001332741e-4,0.001332741003998223,0,0
Jamaica,China,2023-05-01,0,0,0,0,2,0,0,0,0,1,0,0,0,0,0,0,0,0,0,0,0,2540,2543,0,0,0,0,7.864726700747149e-4,0,0,0,0,3.9323633503735744e-4,0,0,0,0,0,0,0,0,0,0,0,0,0,7.864726700747149e-4,3.9323633503735744e-4,0,0
Jamaica,China,2023-06-01,0,0,0,0,0,0,1,0,2,1,1,0,0,0,0,1,0,0,0,1,0,2341,2348,0,0,0,0,0,0,4.2589437819420784e-4,0,8.517887563884157e-4,4.2589437819420784e-4,4.2589437819420784e-4,0,0,0,0,4.2589437819420784e-4,0,0,0,4.2589437819420784e-4,0,4.2589437819420784e-4,0,4.2589437819420784e-4,0.0017035775127768314,4.2589437819420784e-4,0
Jamaica,China,2023-07-01,0,0,0,0,0,0,0,0,0,0,0,0,0,0,0,0,0,1,0,0,0,2174,2175,0,0,0,0,0,0,0,0,0,0,0,0,0,0,0,0,0,4.597701149425287e-4,0,0,0,0,0,0,4.597701149425287e-4,0,0
Jamaica,China,2023-08-01,0,0,0,0,0,0,0,1,0,0,0,0,0,0,0,0,0,0,0,0,0,2116,2117,0,0,0,0,0,0,0,4.723665564478035e-4,0,0,0,0,0,0,0,0,0,0,0,0,0,0,0,4.723665564478035e-4,0,0,0
Jamaica,China,2023-09-01,0,0,0,0,0,1,1,1,0,2,0,0,0,0,0,1,0,1,1,1,0,2033,2042,0,0,0,0,0,4.897159647404506e-4,4.897159647404506e-4,4.897159647404506e-4,0,9.794319294809011e-4,0,0,0,0,0,4.897159647404506e-4,0,4.897159647404506e-4,4.897159647404506e-4,4.897159647404506e-4,0,4.897159647404506e-4,0,0.0014691478942213516,0.002448579823702253,0,0
Jamaica,China,2023-10-01,0,0,0,0,0,0,0,1,0,0,0,1,0,0,0,0,3,1,0,0,0,2416,2422,0,0,0,0,0,0,0,4.1288191577208916e-4,0,0,0,4.1288191577208916e-4,0,0,0,0,0.0012386457473162675,4.1288191577208916e-4,0,0,0,4.1288191577208916e-4,0,4.1288191577208916e-4,4.1288191577208916e-4,0,0.0012386457473162675
Jamaica,China,2023-11-01,0,0,0,0,0,0,0,0,0,0,0,0,0,0,0,0,1,0,0,0,0,2248,2249,0,0,0,0,0,0,0,0,0,0,0,0,0,0,0,0,4.4464206313917296e-4,0,0,0,0,0,0,0,0,0,4.4464206313917296e-4
Jamaica,China,2023-12-01,1,0,0,0,0,0,0,0,0,0,0,0,0,0,0,0,0,0,0,0,0,2049,2050,4.878048780487805e-4,0,0,0,0,0,0,0,0,0,0,0,0,0,0,0,0,0,0,0,0,4.878048780487805e-4,0,0,0,0,0
Jamaica,China,2024-01-01,0,0,0,1,0,3,0,1,0,1,0,1,0,0,0,0,0,1,0,0,0,2228,2236,0,0,0,4.472271914132379e-4,0,0.0013416815742397137,0,4.472271914132379e-4,0,4.472271914132379e-4,0,4.472271914132379e-4,0,0,0,0,0,4.472271914132379e-4,0,0,0,4.472271914132379e-4,0,0.0022361359570661895,8.944543828264759e-4,0,0
Jamaica,China,2024-02-01,0,0,0,0,0,1,0,0,0,0,0,0,0,0,0,0,1,1,0,0,0,2225,2228,0,0,0,0,0,4.488330341113106e-4,0,0,0,0,0,0,0,0,0,0,4.488330341113106e-4,4.488330341113106e-4,0,0,0,0,0,4.488330341113106e-4,4.488330341113106e-4,0,4.488330341113106e-4
Jamaica,China,2024-03-01,0,0,0,0,0,0,0,0,0,0,0,0,0,0,0,0,0,0,0,0,0,2439,2439,0,0,0,0,0,0,0,0,0,0,0,0,0,0,0,0,0,0,0,0,0,0,0,0,0,0,0
Jamaica,China,2024-04-01,0,0,0,0,0,0,0,0,0,0,0,0,0,0,0,0,0,0,0,0,0,2093,2093,0,0,0,0,0,0,0,0,0,0,0,0,0,0,0,0,0,0,0,0,0,0,0,0,0,0,0
Jamaica,China,2024-05-01,0,0,0,0,0,0,0,1,1,0,0,0,0,0,0,0,1,0,0,0,0,2260,2263,0,0,0,0,0,0,0,4.418912947414936e-4,4.418912947414936e-4,0,0,0,0,0,0,0,4.418912947414936e-4,0,0,0,0,0,0,4.418912947414936e-4,4.418912947414936e-4,0,4.418912947414936e-4
Jamaica,China,2024-06-01,0,0,0,1,0,0,0,1,0,1,0,0,0,0,0,0,1,0,0,0,0,2146,2150,0,0,0,4.6511627906976747e-4,0,0,0,4.6511627906976747e-4,0,4.6511627906976747e-4,0,0,0,0,0,0,4.6511627906976747e-4,0,0,0,0,0,0,9.302325581395349e-4,4.6511627906976747e-4,0,4.6511627906976747e-4
Jamaica,China,2024-07-01,0,0,0,0,0,0,0,0,0,0,0,0,0,0,0,0,3,0,0,0,0,2226,2229,0,0,0,0,0,0,0,0,0,0,0,0,0,0,0,0,0.0013458950201884253,0,0,0,0,0,0,0,0,0,0.0013458950201884253
Jamaica,China,2024-08-01,0,0,0,0,0,0,0,0,0,0,0,0,0,0,0,0,1,0,0,0,0,2012,2013,0,0,0,0,0,0,0,0,0,0,0,0,0,0,0,0,4.967709885742673e-4,0,0,0,0,0,0,0,0,0,4.967709885742673e-4
Jamaica,China,2024-09-01,0,0,0,0,0,0,0,0,0,0,0,1,0,0,0,0,0,0,0,0,0,1924,1925,0,0,0,0,0,0,0,0,0,0,0,5.194805194805195e-4,0,0,0,0,0,0,0,0,0,5.194805194805195e-4,0,0,0,0,0
Jamaica,China,2024-10-01,0,0,0,0,0,0,1,0,0,0,0,0,0,0,0,0,0,0,0,0,0,2044,2045,0,0,0,0,0,0,4.889975550122249e-4,0,0,0,0,0,0,0,0,0,0,0,0,0,0,0,0,4.889975550122249e-4,0,0,0
Jamaica,China,2024-11-01,0,0,0,0,0,0,0,0,0,0,0,0,0,0,0,0,0,0,0,0,0,2063,2063,0,0,0,0,0,0,0,0,0,0,0,0,0,0,0,0,0,0,0,0,0,0,0,0,0,0,0
Jamaica,China,2024-12-01,0,0,0,0,0,0,0,0,0,1,0,0,0,0,0,0,1,0,0,0,0,1985,1987,0,0,0,0,0,0,0,0,0,5.032712632108706e-4,0,0,0,0,0,0,5.032712632108706e-4,0,0,0,0,0,0,0,5.032712632108706e-4,0,5.032712632108706e-4
