country,influencer,date,year,month,-999,arms_transfer_security_aid_assistance,bribery_economic_corruption,cyber_attack,diplomatic_action,diplomatic_mediation,diplomatic_meeting,diplomatic_statement,diplomatic_ties,foreign_aid_assistance,foreign_investment,intelligence_counterintelligence,joint_security_force_exercise,media_campaign_intervention,military_activity,political_process_policy_intervention,security_engagement,social_academic_cultural_activity,tech_transfer_investment,trade_agreement_exchange,trade_financial_sanction,transnational_organization_crime,-999Norm,arms_transfer_security_aid_assistanceNorm,bribery_economic_corruptionNorm,cyber_attackNorm,diplomatic_actionNorm,diplomatic_mediationNorm,diplomatic_meetingNorm,diplomatic_statementNorm,diplomatic_tiesNorm,foreign_aid_assistanceNorm,foreign_investmentNorm,intelligence_counterintelligenceNorm,joint_security_force_exerciseNorm,media_campaign_interventionNorm,military_activityNorm,political_process_policy_interventionNorm,security_engagementNorm,social_academic_cultural_activityNorm,tech_transfer_investmentNorm,trade_agreement_exchangeNorm,trade_financial_sanctionNorm,transnational_organization_crimeNorm
Serbia,Russia,2012-01-01,2012,1,1530,0,0,0,0,0,0,0,0,0,0,0,0,0,0,0,0,0,0,2,0,0,0.997392438070404,0.0,0.0,0.0,0.0,0.0,0.0,0.0,0.0,0.0,0.0,0.0,0.0,0.0,0.0,0.0,0.0,0.0,0.0,0.0013037809647979,0.0,0.0
Serbia,Russia,2012-02-01,2012,2,1657,0,0,0,0,0,0,0,0,0,0,0,1,0,0,1,1,0,0,0,0,0,0.9969915764139592,0.0,0.0,0.0,0.0,0.0,0.0,0.0,0.0,0.0,0.0,0.0,0.0006016847172081,0.0,0.0,0.0006016847172081,0.0006016847172081,0.0,0.0,0.0,0.0,0.0
Serbia,Russia,2012-03-01,2012,3,2085,0,0,0,0,0,0,0,0,0,0,0,0,0,0,0,0,1,0,0,0,0,0.9990416866315284,0.0,0.0,0.0,0.0,0.0,0.0,0.0,0.0,0.0,0.0,0.0,0.0,0.0,0.0,0.0,0.0,0.0004791566842357,0.0,0.0,0.0,0.0
Serbia,Russia,2012-04-01,2012,4,1913,0,0,0,0,0,2,1,0,0,0,0,1,0,0,0,0,0,0,0,0,0,0.9979134063641106,0.0,0.0,0.0,0.0,0.0,0.0010432968179447,0.0005216484089723,0.0,0.0,0.0,0.0,0.0005216484089723,0.0,0.0,0.0,0.0,0.0,0.0,0.0,0.0,0.0
Serbia,Russia,2012-05-01,2012,5,2167,0,0,0,0,0,3,0,0,0,1,0,3,0,2,1,0,0,0,1,1,0,0.9931255728689276,0.0,0.0,0.0,0.0,0.0,0.0013748854262144,0.0,0.0,0.0,0.0004582951420714,0.0,0.0013748854262144,0.0,0.0009165902841429,0.0004582951420714,0.0,0.0,0.0,0.0004582951420714,0.0004582951420714,0.0
Serbia,Russia,2012-06-01,2012,6,1791,0,0,0,0,0,0,0,0,0,0,0,0,0,2,0,0,0,0,0,0,2,0.9977715877437324,0.0,0.0,0.0,0.0,0.0,0.0,0.0,0.0,0.0,0.0,0.0,0.0,0.0,0.0011142061281337,0.0,0.0,0.0,0.0,0.0,0.0,0.0011142061281337
Serbia,Russia,2012-07-01,2012,7,1700,0,0,0,0,0,0,0,0,2,1,0,1,0,0,0,0,0,0,2,0,0,0.9958992384299942,0.0,0.0,0.0,0.0,0.0,0.0,0.0,0.0,0.0011716461628588,0.0005858230814294,0.0,0.0005858230814294,0.0,0.0,0.0,0.0,0.0,0.0,0.0011716461628588,0.0,0.0
Serbia,Russia,2012-08-01,2012,8,1635,0,0,0,0,0,0,0,0,0,1,0,5,0,2,0,0,0,0,1,0,0,0.993920972644377,0.0,0.0,0.0,0.0,0.0,0.0,0.0,0.0,0.0,0.0006079027355623,0.0,0.0030395136778115,0.0,0.0012158054711246,0.0,0.0,0.0,0.0,0.0006079027355623,0.0,0.0
Serbia,Russia,2012-09-01,2012,9,1401,0,0,0,0,1,0,0,2,0,2,0,0,0,1,0,0,0,0,0,0,0,0.9936170212765958,0.0,0.0,0.0,0.0,0.000709219858156,0.0,0.0,0.001418439716312,0.0,0.001418439716312,0.0,0.0,0.0,0.000709219858156,0.0,0.0,0.0,0.0,0.0,0.0,0.0
Serbia,Russia,2012-10-01,2012,10,1698,0,0,0,0,0,0,0,0,0,0,1,0,0,0,0,0,0,0,0,0,0,0.991822429906542,0.0,0.0,0.0,0.0,0.0,0.0,0.0,0.0,0.0,0.0,0.0005841121495327,0.0,0.0,0.0,0.0,0.0,0.0,0.0,0.0,0.0,0.0
Serbia,Russia,2012-11-01,2012,11,1603,0,0,0,0,0,0,0,1,0,2,0,0,0,0,0,1,1,0,0,0,0,0.9870689655172412,0.0,0.0,0.0,0.0,0.0,0.0,0.0,0.000615763546798,0.0,0.001231527093596,0.0,0.0,0.0,0.0,0.0,0.000615763546798,0.000615763546798,0.0,0.0,0.0,0.0
Serbia,Russia,2012-12-01,2012,12,1387,0,0,0,1,0,1,2,0,0,0,0,1,0,0,0,0,0,0,0,0,0,0.9885958660014256,0.0,0.0,0.0,0.0007127583749109,0.0,0.0007127583749109,0.0014255167498218,0.0,0.0,0.0,0.0,0.0007127583749109,0.0,0.0,0.0,0.0,0.0,0.0,0.0,0.0,0.0
Serbia,Russia,2013-01-01,2013,1,1445,0,0,0,0,0,0,0,0,2,3,0,0,0,0,0,0,0,0,0,0,0,0.996551724137931,0.0,0.0,0.0,0.0,0.0,0.0,0.0,0.0,0.0013793103448275,0.0020689655172413,0.0,0.0,0.0,0.0,0.0,0.0,0.0,0.0,0.0,0.0,0.0
Serbia,Russia,2013-02-01,2013,2,1295,0,0,0,0,0,0,0,0,0,0,0,0,0,1,0,0,0,0,0,0,2,0.9961538461538462,0.0,0.0,0.0,0.0,0.0,0.0,0.0,0.0,0.0,0.0,0.0,0.0,0.0,0.0007692307692307,0.0,0.0,0.0,0.0,0.0,0.0,0.0015384615384615
Serbia,Russia,2013-03-01,2013,3,1521,0,0,0,0,0,0,0,0,0,0,0,0,0,0,0,0,0,0,0,1,0,0.9993429697766096,0.0,0.0,0.0,0.0,0.0,0.0,0.0,0.0,0.0,0.0,0.0,0.0,0.0,0.0,0.0,0.0,0.0,0.0,0.0,0.0006570302233902,0.0
Serbia,Russia,2013-04-01,2013,4,1719,0,0,0,0,2,1,0,0,4,0,0,3,0,1,0,0,0,0,0,0,0,0.991349480968858,0.0,0.0,0.0,0.0,0.0011534025374855,0.0005767012687427,0.0,0.0,0.0023068050749711,0.0,0.0,0.0017301038062283,0.0,0.0005767012687427,0.0,0.0,0.0,0.0,0.0,0.0,0.0
Serbia,Russia,2013-05-01,2013,5,1502,3,0,0,1,0,0,0,1,2,0,0,0,0,0,0,0,2,0,1,0,0,0.9933862433862434,0.0019841269841269,0.0,0.0,0.0006613756613756,0.0,0.0,0.0,0.0006613756613756,0.0013227513227513,0.0,0.0,0.0,0.0,0.0,0.0,0.0,0.0013227513227513,0.0,0.0006613756613756,0.0,0.0
Serbia,Russia,2013-06-01,2013,6,1459,0,0,0,1,0,1,0,0,1,1,0,1,0,0,0,0,1,0,0,0,0,0.9911684782608696,0.0,0.0,0.0,0.0006793478260869,0.0,0.0006793478260869,0.0,0.0,0.0006793478260869,0.0006793478260869,0.0,0.0006793478260869,0.0,0.0,0.0,0.0,0.0006793478260869,0.0,0.0,0.0,0.0
Serbia,Russia,2013-07-01,2013,7,1539,0,0,0,1,0,0,0,0,3,0,0,0,0,1,0,0,0,0,0,0,0,0.996116504854369,0.0,0.0,0.0,0.0006472491909385,0.0,0.0,0.0,0.0,0.0019417475728155,0.0,0.0,0.0,0.0,0.0006472491909385,0.0,0.0,0.0,0.0,0.0,0.0,0.0
Serbia,Russia,2013-08-01,2013,8,1357,0,1,0,0,0,0,1,0,0,1,0,1,0,1,0,0,0,0,0,0,0,0.9963289280469896,0.0,0.000734214390602,0.0,0.0,0.0,0.0,0.000734214390602,0.0,0.0,0.000734214390602,0.0,0.000734214390602,0.0,0.000734214390602,0.0,0.0,0.0,0.0,0.0,0.0,0.0
Serbia,Russia,2013-09-01,2013,9,1343,0,0,0,0,0,0,0,0,0,0,0,0,0,0,0,0,0,1,0,0,0,0.9948148148148148,0.0,0.0,0.0,0.0,0.0,0.0,0.0,0.0,0.0,0.0,0.0,0.0,0.0,0.0,0.0,0.0,0.0,0.0007407407407407,0.0,0.0,0.0
Serbia,Russia,2013-10-01,2013,10,1532,0,0,0,0,0,0,0,0,0,0,0,0,0,0,0,0,0,0,0,0,0,0.9948051948051948,0.0,0.0,0.0,0.0,0.0,0.0,0.0,0.0,0.0,0.0,0.0,0.0,0.0,0.0,0.0,0.0,0.0,0.0,0.0,0.0,0.0
Serbia,Russia,2013-11-01,2013,11,1431,1,0,0,2,0,1,0,0,0,4,1,0,0,0,0,0,0,0,0,0,0,0.9882596685082872,0.0006906077348066,0.0,0.0,0.0013812154696132,0.0,0.0006906077348066,0.0,0.0,0.0,0.0027624309392265,0.0006906077348066,0.0,0.0,0.0,0.0,0.0,0.0,0.0,0.0,0.0,0.0
Serbia,Russia,2013-12-01,2013,12,1412,0,0,0,0,0,0,0,0,0,0,0,2,0,2,0,0,1,0,0,0,0,0.9922698524244554,0.0,0.0,0.0,0.0,0.0,0.0,0.0,0.0,0.0,0.0,0.0,0.0014054813773717,0.0,0.0014054813773717,0.0,0.0,0.0007027406886858,0.0,0.0,0.0,0.0
Serbia,Russia,2014-01-01,2014,1,1387,0,0,0,0,0,0,0,0,0,0,0,2,0,0,1,0,0,0,0,0,0,0.9942652329749104,0.0,0.0,0.0,0.0,0.0,0.0,0.0,0.0,0.0,0.0,0.0,0.0014336917562724,0.0,0.0,0.0007168458781362,0.0,0.0,0.0,0.0,0.0,0.0
Serbia,Russia,2014-02-01,2014,2,1194,0,0,0,0,0,0,0,0,0,0,0,1,0,0,0,0,0,0,0,0,0,0.9974937343358397,0.0,0.0,0.0,0.0,0.0,0.0,0.0,0.0,0.0,0.0,0.0,0.0008354218880534,0.0,0.0,0.0,0.0,0.0,0.0,0.0,0.0,0.0
Serbia,Russia,2014-03-01,2014,3,1457,0,0,0,0,0,0,4,3,0,0,0,0,0,5,0,0,0,0,0,0,0,0.9877966101694916,0.0,0.0,0.0,0.0,0.0,0.0,0.0027118644067796,0.0020338983050847,0.0,0.0,0.0,0.0,0.0,0.0033898305084745,0.0,0.0,0.0,0.0,0.0,0.0,0.0
Serbia,Russia,2014-04-01,2014,4,1245,0,0,0,2,0,0,1,0,0,0,0,1,0,2,0,0,2,0,0,2,0,0.9920318725099602,0.0,0.0,0.0,0.0015936254980079,0.0,0.0,0.0007968127490039,0.0,0.0,0.0,0.0,0.0007968127490039,0.0,0.0015936254980079,0.0,0.0,0.0015936254980079,0.0,0.0,0.0015936254980079,0.0
Serbia,Russia,2014-05-01,2014,5,1458,0,0,0,0,0,0,3,0,4,0,0,0,0,5,0,0,0,0,0,0,0,0.9884745762711864,0.0,0.0,0.0,0.0,0.0,0.0,0.0020338983050847,0.0,0.0027118644067796,0.0,0.0,0.0,0.0,0.0033898305084745,0.0,0.0,0.0,0.0,0.0,0.0,0.0
Serbia,Russia,2014-06-01,2014,6,1493,0,0,0,0,1,0,1,0,0,7,0,2,0,1,1,0,0,0,0,1,0,0.990053050397878,0.0,0.0,0.0,0.0,0.0006631299734748,0.0,0.0006631299734748,0.0,0.0,0.0046419098143236,0.0,0.0013262599469496,0.0,0.0006631299734748,0.0006631299734748,0.0,0.0,0.0,0.0,0.0006631299734748,0.0
Serbia,Russia,2014-07-01,2014,7,1392,0,0,0,1,0,0,1,0,0,1,0,0,0,0,0,0,1,0,1,0,0,0.990747330960854,0.0,0.0,0.0,0.0007117437722419,0.0,0.0,0.0007117437722419,0.0,0.0,0.0007117437722419,0.0,0.0,0.0,0.0,0.0,0.0,0.0007117437722419,0.0,0.0007117437722419,0.0,0.0
Serbia,Russia,2014-08-01,2014,8,1196,0,0,0,0,0,1,1,0,0,1,0,2,0,1,0,0,0,0,1,15,0,0.976326530612245,0.0,0.0,0.0,0.0,0.0,0.0008163265306122,0.0008163265306122,0.0,0.0,0.0008163265306122,0.0,0.0016326530612244,0.0,0.0008163265306122,0.0,0.0,0.0,0.0,0.0008163265306122,0.0122448979591836,0.0
Serbia,Russia,2014-09-01,2014,9,1389,0,0,0,0,0,0,5,0,0,1,0,2,0,0,0,0,0,0,0,1,0,0.9900213827512472,0.0,0.0,0.0,0.0,0.0,0.0,0.0035637918745545,0.0,0.0,0.0007127583749109,0.0,0.0014255167498218,0.0,0.0,0.0,0.0,0.0,0.0,0.0,0.0007127583749109,0.0
Serbia,Russia,2014-10-01,2014,10,1707,0,0,0,1,1,3,10,0,1,4,0,1,0,1,0,0,0,0,2,5,0,0.9810344827586208,0.0,0.0,0.0,0.0005747126436781,0.0005747126436781,0.0017241379310344,0.0057471264367816,0.0,0.0005747126436781,0.0022988505747126,0.0,0.0005747126436781,0.0,0.0005747126436781,0.0,0.0,0.0,0.0,0.0011494252873563,0.0028735632183908,0.0
Serbia,Russia,2014-11-01,2014,11,1570,1,0,0,0,0,2,1,1,0,0,0,13,0,0,0,1,0,0,3,5,0,0.9745499689633768,0.0006207324643078,0.0,0.0,0.0,0.0,0.0012414649286157,0.0006207324643078,0.0006207324643078,0.0,0.0,0.0,0.0080695220360024,0.0,0.0,0.0,0.0006207324643078,0.0,0.0,0.0018621973929236,0.0031036623215394,0.0
Serbia,Russia,2014-12-01,2014,12,1672,0,0,0,0,0,0,2,0,0,3,0,5,0,2,0,0,0,0,0,4,0,0.985268120212139,0.0,0.0,0.0,0.0,0.0,0.0,0.0011785503830288,0.0,0.0,0.0017678255745433,0.0,0.0029463759575721,0.0,0.0011785503830288,0.0,0.0,0.0,0.0,0.0,0.0023571007660577,0.0
Serbia,Russia,2015-01-01,2015,1,1512,0,0,0,0,1,0,0,0,0,0,0,1,2,1,0,0,0,0,0,2,0,0.9927774130006566,0.0,0.0,0.0,0.0,0.0006565988181221,0.0,0.0,0.0,0.0,0.0,0.0,0.0006565988181221,0.0013131976362442,0.0006565988181221,0.0,0.0,0.0,0.0,0.0,0.0013131976362442,0.0
Serbia,Russia,2015-02-01,2015,2,1510,0,0,1,0,0,0,1,0,0,1,0,2,0,0,0,0,0,0,0,0,0,0.9940750493745886,0.0,0.0,0.0006583278472679,0.0,0.0,0.0,0.0006583278472679,0.0,0.0,0.0006583278472679,0.0,0.0013166556945358,0.0,0.0,0.0,0.0,0.0,0.0,0.0,0.0,0.0
Serbia,Russia,2015-03-01,2015,3,1769,0,0,0,0,0,0,3,0,0,3,0,3,0,2,1,0,0,0,1,6,0,0.988268156424581,0.0,0.0,0.0,0.0,0.0,0.0,0.0016759776536312,0.0,0.0,0.0016759776536312,0.0,0.0016759776536312,0.0,0.0011173184357541,0.000558659217877,0.0,0.0,0.0,0.000558659217877,0.0033519553072625,0.0
Serbia,Russia,2015-04-01,2015,4,1671,0,0,0,0,0,0,1,0,0,0,0,0,0,0,0,0,0,0,0,1,0,0.9982078853046596,0.0,0.0,0.0,0.0,0.0,0.0,0.0005973715651135,0.0,0.0,0.0,0.0,0.0,0.0,0.0,0.0,0.0,0.0,0.0,0.0,0.0005973715651135,0.0
Serbia,Russia,2015-05-01,2015,5,1517,0,0,0,1,0,0,4,0,0,2,0,2,0,1,0,0,0,0,0,0,0,0.9928010471204188,0.0,0.0,0.0,0.0006544502617801,0.0,0.0,0.0026178010471204,0.0,0.0,0.0013089005235602,0.0,0.0013089005235602,0.0,0.0006544502617801,0.0,0.0,0.0,0.0,0.0,0.0,0.0
Serbia,Russia,2015-06-01,2015,6,1725,0,0,0,0,2,1,2,0,0,3,0,3,0,0,2,0,0,0,0,2,0,0.989105504587156,0.0,0.0,0.0,0.0,0.0011467889908256,0.0005733944954128,0.0011467889908256,0.0,0.0,0.0017201834862385,0.0,0.0017201834862385,0.0,0.0,0.0011467889908256,0.0,0.0,0.0,0.0,0.0011467889908256,0.0
Serbia,Russia,2015-07-01,2015,7,1881,0,0,0,0,2,0,5,0,0,1,0,0,0,0,2,0,0,0,0,0,0,0.9920886075949368,0.0,0.0,0.0,0.0,0.0010548523206751,0.0,0.0026371308016877,0.0,0.0,0.0005274261603375,0.0,0.0,0.0,0.0,0.0010548523206751,0.0,0.0,0.0,0.0,0.0,0.0
Serbia,Russia,2015-08-01,2015,8,1725,1,0,0,0,0,0,0,0,0,0,0,4,0,2,0,0,0,0,0,0,0,0.9908098793796668,0.0005743825387708,0.0,0.0,0.0,0.0,0.0,0.0,0.0,0.0,0.0,0.0,0.0022975301550832,0.0,0.0011487650775416,0.0,0.0,0.0,0.0,0.0,0.0,0.0
Serbia,Russia,2015-09-01,2015,9,2319,0,0,0,0,0,0,1,0,0,0,0,4,0,0,0,0,0,0,0,0,0,0.9893344709897612,0.0,0.0,0.0,0.0,0.0,0.0,0.0004266211604095,0.0,0.0,0.0,0.0,0.0017064846416382,0.0,0.0,0.0,0.0,0.0,0.0,0.0,0.0,0.0
Serbia,Russia,2015-10-01,2015,10,1853,3,0,1,0,0,3,3,0,0,1,0,5,0,1,2,0,0,0,1,0,0,0.9872136387852956,0.001598295151838,0.0,0.0005327650506126,0.0,0.0,0.001598295151838,0.001598295151838,0.0,0.0,0.0005327650506126,0.0,0.0026638252530633,0.0,0.0005327650506126,0.0010655301012253,0.0,0.0,0.0,0.0005327650506126,0.0,0.0
Serbia,Russia,2015-11-01,2015,11,1755,0,0,0,0,0,1,0,0,0,0,0,0,0,4,0,0,0,0,0,1,0,0.9898477157360406,0.0,0.0,0.0,0.0,0.0,0.0005640157924421,0.0,0.0,0.0,0.0,0.0,0.0,0.0,0.0022560631697687,0.0,0.0,0.0,0.0,0.0,0.0005640157924421,0.0
Serbia,Russia,2015-12-01,2015,12,1874,0,0,0,0,4,9,1,0,0,1,0,4,0,0,1,1,2,0,1,1,0,0.981151832460733,0.0,0.0,0.0,0.0,0.0020942408376963,0.0047120418848167,0.000523560209424,0.0,0.0,0.000523560209424,0.0,0.0020942408376963,0.0,0.0,0.000523560209424,0.000523560209424,0.0010471204188481,0.0,0.000523560209424,0.000523560209424,0.0
Serbia,Russia,2016-01-01,2016,1,1668,3,0,0,0,0,0,2,0,0,2,0,2,0,0,0,0,0,0,0,0,0,0.98698224852071,0.001775147928994,0.0,0.0,0.0,0.0,0.0,0.0011834319526627,0.0,0.0,0.0011834319526627,0.0,0.0011834319526627,0.0,0.0,0.0,0.0,0.0,0.0,0.0,0.0,0.0
Serbia,Russia,2016-02-01,2016,2,1688,0,0,0,1,0,0,2,0,0,0,0,0,1,1,0,1,1,0,0,1,0,0.9894490035169988,0.0,0.0,0.0,0.0005861664712778,0.0,0.0,0.0011723329425556,0.0,0.0,0.0,0.0,0.0,0.0005861664712778,0.0005861664712778,0.0,0.0005861664712778,0.0005861664712778,0.0,0.0,0.0005861664712778,0.0
Serbia,Russia,2016-03-01,2016,3,1873,0,0,0,0,0,1,1,0,1,1,0,4,1,1,0,0,0,0,3,1,0,0.9087821445900048,0.0,0.0,0.0,0.0,0.0,0.0004852013585638,0.0004852013585638,0.0,0.0004852013585638,0.0004852013585638,0.0,0.0019408054342552,0.0004852013585638,0.0004852013585638,0.0,0.0,0.0,0.0,0.0014556040756914,0.0004852013585638,0.0
Serbia,Russia,2016-04-01,2016,4,1781,0,0,0,0,0,0,1,0,0,0,0,0,0,1,2,0,0,0,0,0,0,0.9026862645717182,0.0,0.0,0.0,0.0,0.0,0.0,0.0005068423720223,0.0,0.0,0.0,0.0,0.0,0.0,0.0005068423720223,0.0010136847440446,0.0,0.0,0.0,0.0,0.0,0.0
Serbia,Russia,2016-05-01,2016,5,1684,0,0,0,0,0,0,0,0,0,0,0,2,0,1,2,1,1,0,0,2,0,0.9202185792349726,0.0,0.0,0.0,0.0,0.0,0.0,0.0,0.0,0.0,0.0,0.0,0.0010928961748633,0.0,0.0005464480874316,0.0010928961748633,0.0005464480874316,0.0005464480874316,0.0,0.0,0.0010928961748633,0.0
Serbia,Russia,2016-06-01,2016,6,1362,3,0,0,0,0,0,3,0,0,0,0,0,0,1,0,0,0,0,0,0,0,0.9177897574123988,0.002021563342318,0.0,0.0,0.0,0.0,0.0,0.002021563342318,0.0,0.0,0.0,0.0,0.0,0.0,0.0006738544474393,0.0,0.0,0.0,0.0,0.0,0.0,0.0
Serbia,Russia,2016-07-01,2016,7,1728,0,0,0,0,0,1,0,0,1,0,0,0,0,1,4,2,0,1,0,1,0,0.930032292787944,0.0,0.0,0.0,0.0,0.0,0.0005382131324004,0.0,0.0,0.0005382131324004,0.0,0.0,0.0,0.0,0.0005382131324004,0.0021528525296017,0.0010764262648008,0.0,0.0005382131324004,0.0,0.0005382131324004,0.0
Serbia,Russia,2016-08-01,2016,8,1773,0,0,0,0,0,0,1,0,2,0,0,5,0,0,1,0,0,0,0,0,0,0.9614967462039046,0.0,0.0,0.0,0.0,0.0,0.0,0.0005422993492407,0.0,0.0010845986984815,0.0,0.0,0.0027114967462039,0.0,0.0,0.0005422993492407,0.0,0.0,0.0,0.0,0.0,0.0
Serbia,Russia,2016-09-01,2016,9,1861,0,0,0,2,0,0,0,2,0,1,0,1,0,0,1,0,1,0,0,0,0,0.9267928286852588,0.0,0.0,0.0,0.0009960159362549,0.0,0.0,0.0,0.0009960159362549,0.0,0.0004980079681274,0.0,0.0004980079681274,0.0,0.0,0.0004980079681274,0.0,0.0004980079681274,0.0,0.0,0.0,0.0
Serbia,Russia,2016-10-01,2016,10,2028,1,0,0,4,1,0,5,0,0,0,2,9,0,3,3,2,0,0,0,0,0,0.895364238410596,0.0004415011037527,0.0,0.0,0.001766004415011,0.0004415011037527,0.0,0.0022075055187637,0.0,0.0,0.0,0.0008830022075055,0.0039735099337748,0.0,0.0013245033112582,0.0013245033112582,0.0008830022075055,0.0,0.0,0.0,0.0,0.0
Serbia,Russia,2016-11-01,2016,11,1877,0,2,0,1,0,0,4,0,0,1,1,8,0,4,0,0,0,0,0,1,0,0.8828786453433678,0.0,0.0009407337723424,0.0,0.0004703668861712,0.0,0.0,0.0018814675446848,0.0,0.0,0.0004703668861712,0.0004703668861712,0.0037629350893697,0.0,0.0018814675446848,0.0,0.0,0.0,0.0,0.0,0.0004703668861712,0.0
Serbia,Russia,2016-12-01,2016,12,2014,4,0,1,0,2,2,1,1,2,0,0,0,0,1,1,2,0,0,2,0,0,0.8748913987836664,0.0017376194613379,0.0,0.0004344048653344,0.0,0.0008688097306689,0.0008688097306689,0.0004344048653344,0.0004344048653344,0.0008688097306689,0.0,0.0,0.0,0.0,0.0004344048653344,0.0004344048653344,0.0008688097306689,0.0,0.0,0.0008688097306689,0.0,0.0
Serbia,Russia,2017-01-01,2017,1,2048,0,0,3,0,0,1,0,0,0,2,0,0,0,0,2,0,0,0,0,0,0,0.9138777331548416,0.0,0.0,0.001338688085676,0.0,0.0,0.000446229361892,0.0,0.0,0.0,0.000892458723784,0.0,0.0,0.0,0.0,0.000892458723784,0.0,0.0,0.0,0.0,0.0,0.0
Serbia,Russia,2017-02-01,2017,2,2168,0,0,0,0,1,1,0,1,0,2,0,2,0,4,0,0,1,0,0,1,0,0.9018302828618968,0.0,0.0,0.0,0.0,0.0004159733777038,0.0004159733777038,0.0,0.0004159733777038,0.0,0.0008319467554076,0.0,0.0008319467554076,0.0,0.0016638935108153,0.0,0.0,0.0004159733777038,0.0,0.0,0.0004159733777038,0.0
Serbia,Russia,2017-03-01,2017,3,2702,0,0,0,0,0,0,1,1,1,3,0,2,0,1,3,1,2,0,1,1,0,0.8520971302428256,0.0,0.0,0.0,0.0,0.0,0.0,0.0003153579312519,0.0003153579312519,0.0003153579312519,0.0009460737937559,0.0,0.0006307158625039,0.0,0.0003153579312519,0.0009460737937559,0.0003153579312519,0.0006307158625039,0.0,0.0003153579312519,0.0003153579312519,0.0
Serbia,Russia,2017-04-01,2017,4,2244,0,0,0,0,0,0,2,0,0,0,0,0,0,1,0,1,1,0,0,0,0,0.8529076396807298,0.0,0.0,0.0,0.0,0.0,0.0,0.000760167236792,0.0,0.0,0.0,0.0,0.0,0.0,0.000380083618396,0.0,0.000380083618396,0.000380083618396,0.0,0.0,0.0,0.0
Serbia,Russia,2017-05-01,2017,5,2274,0,0,1,0,2,2,0,0,0,0,1,7,0,2,0,2,0,0,2,0,0,0.8558524651863003,0.0,0.0,0.0003763643206624,0.0,0.0007527286413248,0.0007527286413248,0.0,0.0,0.0,0.0,0.0003763643206624,0.0026345502446368,0.0,0.0007527286413248,0.0,0.0007527286413248,0.0,0.0,0.0007527286413248,0.0,0.0
Serbia,Russia,2017-06-01,2017,6,2470,0,0,0,0,0,0,4,2,2,1,2,4,0,1,1,1,2,0,0,0,0,0.8600278551532033,0.0,0.0,0.0,0.0,0.0,0.0,0.0013927576601671,0.0006963788300835,0.0006963788300835,0.0003481894150417,0.0006963788300835,0.0013927576601671,0.0,0.0003481894150417,0.0003481894150417,0.0003481894150417,0.0006963788300835,0.0,0.0,0.0,0.0
Serbia,Russia,2017-07-01,2017,7,2507,1,0,0,0,1,5,6,3,0,0,2,5,0,1,1,1,1,0,4,1,0,0.8647809589513625,0.0003449465332873,0.0,0.0,0.0,0.0003449465332873,0.0017247326664367,0.002069679199724,0.001034839599862,0.0,0.0,0.0006898930665746,0.0017247326664367,0.0,0.0003449465332873,0.0003449465332873,0.0003449465332873,0.0003449465332873,0.0,0.0013797861331493,0.0003449465332873,0.0
Serbia,Russia,2017-08-01,2017,8,2373,1,0,0,3,1,0,1,1,2,2,2,5,0,4,3,1,1,0,0,0,2,0.8721058434399118,0.0003675119441381,0.0,0.0,0.0011025358324145,0.0003675119441381,0.0,0.0003675119441381,0.0003675119441381,0.0007350238882763,0.0007350238882763,0.0007350238882763,0.0018375597206909,0.0,0.0014700477765527,0.0011025358324145,0.0003675119441381,0.0003675119441381,0.0,0.0,0.0,0.0007350238882763
Serbia,Russia,2017-09-01,2017,9,2855,0,0,2,0,0,0,1,3,0,1,2,5,0,1,0,0,1,0,1,1,0,0.8760355937404112,0.0,0.0,0.0006136851795029,0.0,0.0,0.0,0.0003068425897514,0.0009205277692543,0.0,0.0003068425897514,0.0006136851795029,0.0015342129487572,0.0,0.0003068425897514,0.0,0.0,0.0003068425897514,0.0,0.0003068425897514,0.0003068425897514,0.0
Serbia,Russia,2017-10-01,2017,10,2767,2,0,0,0,1,2,6,2,0,1,1,6,3,6,1,0,1,0,0,1,0,0.8492940454266421,0.0006138735420503,0.0,0.0,0.0,0.0003069367710251,0.0006138735420503,0.001841620626151,0.0006138735420503,0.0,0.0003069367710251,0.0003069367710251,0.001841620626151,0.0009208103130755,0.001841620626151,0.0003069367710251,0.0,0.0003069367710251,0.0,0.0,0.0003069367710251,0.0
Serbia,Russia,2017-11-01,2017,11,2932,1,0,0,4,0,2,10,2,1,0,2,3,0,1,2,0,1,0,0,1,0,0.8598240469208212,0.0002932551319648,0.0,0.0,0.0011730205278592,0.0,0.0005865102639296,0.002932551319648,0.0005865102639296,0.0002932551319648,0.0,0.0005865102639296,0.0008797653958944,0.0,0.0002932551319648,0.0005865102639296,0.0,0.0002932551319648,0.0,0.0,0.0002932551319648,0.0
Serbia,Russia,2017-12-01,2017,12,2950,2,0,0,0,4,2,2,0,0,1,0,0,1,0,1,1,0,2,4,0,0,0.8615654205607477,0.0005841121495327,0.0,0.0,0.0,0.0011682242990654,0.0005841121495327,0.0005841121495327,0.0,0.0,0.0002920560747663,0.0,0.0,0.0002920560747663,0.0,0.0002920560747663,0.0002920560747663,0.0,0.0005841121495327,0.0011682242990654,0.0,0.0
Serbia,Russia,2018-01-01,2018,1,2688,0,0,0,0,0,0,3,3,0,0,2,2,0,1,2,0,0,0,0,0,0,0.8853754940711462,0.0,0.0,0.0,0.0,0.0,0.0,0.0009881422924901,0.0009881422924901,0.0,0.0,0.0006587615283267,0.0006587615283267,0.0,0.0003293807641633,0.0006587615283267,0.0,0.0,0.0,0.0,0.0,0.0
Serbia,Russia,2018-02-01,2018,2,2970,2,0,0,0,3,4,6,1,0,0,0,3,0,6,2,0,5,2,1,4,0,0.8583815028901735,0.0005780346820809,0.0,0.0,0.0,0.0008670520231213,0.0011560693641618,0.0017341040462427,0.0002890173410404,0.0,0.0,0.0,0.0008670520231213,0.0,0.0017341040462427,0.0005780346820809,0.0,0.0014450867052023,0.0005780346820809,0.0002890173410404,0.0011560693641618,0.0
Serbia,Russia,2018-03-01,2018,3,3310,0,0,0,2,0,0,2,1,0,2,0,2,1,3,4,3,2,0,0,0,0,0.8826666666666667,0.0,0.0,0.0,0.0005333333333333,0.0,0.0,0.0005333333333333,0.0002666666666666,0.0,0.0005333333333333,0.0,0.0005333333333333,0.0002666666666666,0.0008,0.0010666666666666,0.0008,0.0005333333333333,0.0,0.0,0.0,0.0
Serbia,Russia,2018-04-01,2018,4,2964,0,0,0,0,0,1,2,2,0,0,1,5,2,1,1,1,2,0,0,1,0,0.92625,0.0,0.0,0.0,0.0,0.0,0.0003125,0.000625,0.000625,0.0,0.0,0.0003125,0.0015625,0.000625,0.0003125,0.0003125,0.0003125,0.000625,0.0,0.0,0.0003125,0.0
Serbia,Russia,2018-05-01,2018,5,3197,0,0,0,0,0,1,2,0,0,3,0,2,0,0,1,1,0,0,0,0,0,0.9492280285035628,0.0,0.0,0.0,0.0,0.0,0.0002969121140142,0.0005938242280285,0.0,0.0,0.0008907363420427,0.0,0.0005938242280285,0.0,0.0,0.0002969121140142,0.0002969121140142,0.0,0.0,0.0,0.0,0.0
Serbia,Russia,2018-06-01,2018,6,3205,0,0,0,3,1,1,3,3,0,0,0,7,0,0,0,0,2,0,0,3,0,0.9404342723004696,0.0,0.0,0.0,0.0008802816901408,0.0002934272300469,0.0002934272300469,0.0008802816901408,0.0008802816901408,0.0,0.0,0.0,0.0020539906103286,0.0,0.0,0.0,0.0,0.0005868544600938,0.0,0.0,0.0008802816901408,0.0
Serbia,Russia,2018-07-01,2018,7,3019,1,0,0,0,1,0,3,2,0,1,1,1,0,1,0,0,0,0,0,0,0,0.9508661417322836,0.0003149606299212,0.0,0.0,0.0,0.0003149606299212,0.0,0.0009448818897637,0.0006299212598425,0.0,0.0003149606299212,0.0003149606299212,0.0003149606299212,0.0,0.0003149606299212,0.0,0.0,0.0,0.0,0.0,0.0,0.0
Serbia,Russia,2018-08-01,2018,8,2951,2,0,0,0,0,0,4,0,0,2,0,3,0,0,0,0,0,0,1,4,0,0.946743663779275,0.0006416426050689,0.0,0.0,0.0,0.0,0.0,0.0012832852101379,0.0,0.0,0.0006416426050689,0.0,0.0009624639076034,0.0,0.0,0.0,0.0,0.0,0.0,0.0003208213025344,0.0012832852101379,0.0
Serbia,Russia,2018-09-01,2018,9,3192,0,0,0,1,0,0,1,0,0,1,0,1,0,2,0,0,0,0,1,1,0,0.9454976303317536,0.0,0.0,0.0,0.0002962085308056,0.0,0.0,0.0002962085308056,0.0,0.0,0.0002962085308056,0.0,0.0002962085308056,0.0,0.0005924170616113,0.0,0.0,0.0,0.0,0.0002962085308056,0.0002962085308056,0.0
Serbia,Russia,2018-10-01,2018,10,3481,0,0,0,0,2,0,5,0,0,3,0,6,0,1,2,2,1,1,1,0,1,0.9523939808481532,0.0,0.0,0.0,0.0,0.000547195622435,0.0,0.0013679890560875,0.0,0.0,0.0008207934336525,0.0,0.001641586867305,0.0,0.0002735978112175,0.000547195622435,0.000547195622435,0.0002735978112175,0.0002735978112175,0.0002735978112175,0.0,0.0002735978112175
Serbia,Russia,2018-11-01,2018,11,3652,1,0,0,0,1,1,4,0,0,1,0,2,2,1,0,2,1,1,0,1,0,0.945868945868946,0.0002590002590002,0.0,0.0,0.0,0.0002590002590002,0.0002590002590002,0.001036001036001,0.0,0.0,0.0002590002590002,0.0,0.0005180005180005,0.0005180005180005,0.0002590002590002,0.0,0.0005180005180005,0.0002590002590002,0.0002590002590002,0.0,0.0002590002590002,0.0
Serbia,Russia,2018-12-01,2018,12,3840,0,0,0,0,1,1,4,1,1,0,0,0,0,5,0,0,1,0,1,0,0,0.9416380578715056,0.0,0.0,0.0,0.0,0.0002452182442373,0.0002452182442373,0.0009808729769494,0.0002452182442373,0.0002452182442373,0.0,0.0,0.0,0.0,0.0012260912211868,0.0,0.0,0.0002452182442373,0.0,0.0002452182442373,0.0,0.0
Serbia,Russia,2019-01-01,2019,1,3853,0,0,0,0,0,8,10,3,0,7,0,0,0,5,1,5,4,3,6,0,0,0.9320270924044508,0.0,0.0,0.0,0.0,0.0,0.0019351717464925,0.0024189646831156,0.0007256894049346,0.0,0.0016932752781809,0.0,0.0,0.0,0.0012094823415578,0.0002418964683115,0.0012094823415578,0.0009675858732462,0.0007256894049346,0.0014513788098693,0.0,0.0
Serbia,Russia,2019-02-01,2019,2,3782,1,0,1,0,1,0,4,1,0,1,0,0,0,2,1,0,0,0,0,0,0,0.9438482655353132,0.0002495632642874,0.0,0.0002495632642874,0.0,0.0002495632642874,0.0,0.0009982530571499,0.0002495632642874,0.0,0.0002495632642874,0.0,0.0,0.0,0.0004991265285749,0.0002495632642874,0.0,0.0,0.0,0.0,0.0,0.0
Serbia,Russia,2019-03-01,2019,3,4441,0,0,0,0,0,2,5,0,0,3,0,2,1,1,2,0,0,0,1,0,0,0.9375131940046444,0.0,0.0,0.0,0.0,0.0,0.0004222081486172,0.0010555203715431,0.0,0.0,0.0006333122229259,0.0,0.0004222081486172,0.0002111040743086,0.0002111040743086,0.0004222081486172,0.0,0.0,0.0,0.0002111040743086,0.0,0.0
Serbia,Russia,2019-04-01,2019,4,3934,1,0,0,0,2,1,1,2,1,3,0,2,1,0,0,0,1,0,1,0,0,0.9373361925184656,0.0002382654276864,0.0,0.0,0.0,0.0004765308553728,0.0002382654276864,0.0002382654276864,0.0004765308553728,0.0002382654276864,0.0007147962830593,0.0,0.0004765308553728,0.0002382654276864,0.0,0.0,0.0,0.0002382654276864,0.0,0.0002382654276864,0.0,0.0
Serbia,Russia,2019-05-01,2019,5,3856,0,0,0,3,0,0,8,0,1,4,0,9,0,6,0,1,1,2,2,1,0,0.9407172481092948,0.0,0.0,0.0,0.0007318858258111,0.0,0.0,0.0019516955354964,0.0,0.000243961941937,0.0009758477677482,0.0,0.0021956574774335,0.0,0.0014637716516223,0.0,0.000243961941937,0.000243961941937,0.0004879238838741,0.0004879238838741,0.000243961941937,0.0
Serbia,Russia,2019-06-01,2019,6,3869,0,0,0,0,0,2,5,0,0,0,1,4,0,0,0,1,0,0,0,3,0,0.9402187120291616,0.0,0.0,0.0,0.0,0.0,0.0004860267314702,0.0012150668286755,0.0,0.0,0.0,0.0002430133657351,0.0009720534629404,0.0,0.0,0.0,0.0002430133657351,0.0,0.0,0.0,0.0007290400972053,0.0
Serbia,Russia,2019-07-01,2019,7,3859,5,0,0,1,1,2,4,5,0,0,0,1,0,5,1,1,0,2,1,0,0,0.9444444444444444,0.0012236906510034,0.0,0.0,0.0002447381302006,0.0002447381302006,0.0004894762604013,0.0009789525208027,0.0012236906510034,0.0,0.0,0.0,0.0002447381302006,0.0,0.0012236906510034,0.0002447381302006,0.0002447381302006,0.0,0.0004894762604013,0.0002447381302006,0.0,0.0
Serbia,Russia,2019-08-01,2019,8,3292,6,0,0,1,1,0,3,1,0,2,2,0,0,1,0,1,0,0,7,3,0,0.94353683003726,0.0017196904557179,0.0,0.0,0.0002866150759529,0.0002866150759529,0.0,0.0008598452278589,0.0002866150759529,0.0,0.0005732301519059,0.0005732301519059,0.0,0.0,0.0002866150759529,0.0,0.0002866150759529,0.0,0.0,0.0020063055316709,0.0008598452278589,0.0
Serbia,Russia,2019-09-01,2019,9,3642,1,0,0,1,0,1,0,1,0,0,0,3,0,0,1,2,0,0,1,0,0,0.9501695799634752,0.0002608922515001,0.0,0.0,0.0002608922515001,0.0,0.0002608922515001,0.0,0.0002608922515001,0.0,0.0,0.0,0.0007826767545003,0.0,0.0,0.0002608922515001,0.0005217845030002,0.0,0.0,0.0002608922515001,0.0,0.0
Serbia,Russia,2019-10-01,2019,10,4261,1,0,0,0,2,4,6,3,0,6,0,14,0,4,0,0,0,0,7,0,0,0.9456280514869064,0.0002219263204616,0.0,0.0,0.0,0.0004438526409232,0.0008877052818464,0.0013315579227696,0.0006657789613848,0.0,0.0013315579227696,0.0,0.0031069684864624,0.0,0.0008877052818464,0.0,0.0,0.0,0.0,0.0015534842432312,0.0,0.0
Serbia,Russia,2019-11-01,2019,11,4100,5,2,0,0,0,4,11,1,2,2,32,8,0,4,3,2,0,0,0,7,2,0.9360730593607306,0.0011415525114155,0.0004566210045662,0.0,0.0,0.0,0.0009132420091324,0.0025114155251141,0.0002283105022831,0.0004566210045662,0.0004566210045662,0.0073059360730593,0.0018264840182648,0.0,0.0009132420091324,0.0006849315068493,0.0004566210045662,0.0,0.0,0.0,0.0015981735159817,0.0004566210045662
Serbia,Russia,2019-12-01,2019,12,4309,1,1,0,2,1,1,4,1,1,3,7,1,0,3,2,0,0,0,4,1,1,0.945785776997366,0.0002194907813871,0.0002194907813871,0.0,0.0004389815627743,0.0002194907813871,0.0002194907813871,0.0008779631255487,0.0002194907813871,0.0002194907813871,0.0006584723441615,0.0015364354697102,0.0002194907813871,0.0,0.0006584723441615,0.0004389815627743,0.0,0.0,0.0,0.0008779631255487,0.0002194907813871,0.0002194907813871
Serbia,Russia,2020-01-01,2020,1,3903,2,0,0,0,0,2,3,0,0,3,0,1,0,4,0,1,0,0,0,0,1,0.9487117160913952,0.0004861448711716,0.0,0.0,0.0,0.0,0.0004861448711716,0.0007292173067574,0.0,0.0,0.0007292173067574,0.0,0.0002430724355858,0.0,0.0009722897423432,0.0,0.0002430724355858,0.0,0.0,0.0,0.0,0.0002430724355858
Serbia,Russia,2020-02-01,2020,2,3985,1,0,0,0,3,2,3,2,0,0,0,0,0,0,0,0,6,0,0,3,0,0.9427489945587888,0.0002365744026496,0.0,0.0,0.0,0.0007097232079489,0.0004731488052992,0.0007097232079489,0.0004731488052992,0.0,0.0,0.0,0.0,0.0,0.0,0.0,0.0,0.0014194464158978,0.0,0.0,0.0007097232079489,0.0
Serbia,Russia,2020-03-01,2020,3,5276,3,0,0,1,0,0,1,1,1,0,0,0,0,1,0,0,0,2,0,0,0,0.9264266900790168,0.0005267778753292,0.0,0.0,0.0001755926251097,0.0,0.0,0.0001755926251097,0.0001755926251097,0.0001755926251097,0.0,0.0,0.0,0.0,0.0001755926251097,0.0,0.0,0.0,0.0003511852502194,0.0,0.0,0.0
Serbia,Russia,2020-04-01,2020,4,5026,0,0,0,1,0,0,2,1,9,0,0,7,1,8,1,0,1,2,0,0,0,0.924066924066924,0.0,0.0,0.0,0.0001838573267144,0.0,0.0,0.0003677146534289,0.0001838573267144,0.0016547159404302,0.0,0.0,0.0012870012870012,0.0001838573267144,0.0014708586137157,0.0001838573267144,0.0,0.0001838573267144,0.0003677146534289,0.0,0.0,0.0
Serbia,Russia,2020-05-01,2020,5,4947,2,0,0,0,3,1,9,1,2,0,0,2,1,3,0,1,0,0,0,0,0,0.926751592356688,0.0003746721618583,0.0,0.0,0.0,0.0005620082427875,0.0001873360809291,0.0016860247283626,0.0001873360809291,0.0003746721618583,0.0,0.0,0.0003746721618583,0.0001873360809291,0.0005620082427875,0.0,0.0001873360809291,0.0,0.0,0.0,0.0,0.0
Serbia,Russia,2020-06-01,2020,6,5580,0,0,0,0,4,3,3,1,2,0,0,1,0,1,0,3,0,0,1,0,0,0.9323308270676692,0.0,0.0,0.0,0.0,0.0006683375104427,0.000501253132832,0.000501253132832,0.0001670843776106,0.0003341687552213,0.0,0.0,0.0001670843776106,0.0,0.0001670843776106,0.0,0.000501253132832,0.0,0.0,0.0001670843776106,0.0,0.0
Serbia,Russia,2020-07-01,2020,7,5727,2,0,2,0,2,1,3,4,0,0,0,2,0,1,1,0,0,2,0,0,0,0.9161734122540394,0.0003199488081906,0.0,0.0003199488081906,0.0,0.0003199488081906,0.0001599744040953,0.000479923212286,0.0006398976163813,0.0,0.0,0.0,0.0003199488081906,0.0,0.0001599744040953,0.0001599744040953,0.0,0.0,0.0003199488081906,0.0,0.0,0.0
Serbia,Russia,2020-08-01,2020,8,4215,4,0,0,0,0,2,0,0,0,0,0,0,0,1,0,0,0,1,1,0,0,0.944855413584398,0.0008966599417171,0.0,0.0,0.0,0.0,0.0004483299708585,0.0,0.0,0.0,0.0,0.0,0.0,0.0,0.0002241649854292,0.0,0.0,0.0,0.0002241649854292,0.0002241649854292,0.0,0.0
Serbia,Russia,2020-09-01,2020,9,4736,0,0,0,0,1,0,4,6,0,1,1,7,2,1,1,1,0,0,2,1,0,0.9355985776372976,0.0,0.0,0.0,0.0,0.0001975503753457,0.0,0.0007902015013828,0.0011853022520742,0.0,0.0001975503753457,0.0001975503753457,0.0013828526274199,0.0003951007506914,0.0001975503753457,0.0001975503753457,0.0001975503753457,0.0,0.0,0.0003951007506914,0.0001975503753457,0.0
Serbia,Russia,2020-10-01,2020,10,4729,0,0,0,0,0,7,5,0,0,0,0,6,0,3,0,4,2,0,0,1,0,0.9321900256258624,0.0,0.0,0.0,0.0,0.0,0.0013798541297062,0.0009856100926473,0.0,0.0,0.0,0.0,0.0011827321111768,0.0,0.0005913660555884,0.0,0.0007884880741178,0.0003942440370589,0.0,0.0,0.0001971220185294,0.0
Serbia,Russia,2020-11-01,2020,11,4736,4,0,0,0,0,0,1,1,0,2,0,0,0,0,0,1,0,2,1,0,0,0.9376361116610572,0.0007919223916056,0.0,0.0,0.0,0.0,0.0,0.0001979805979014,0.0001979805979014,0.0,0.0003959611958028,0.0,0.0,0.0,0.0,0.0,0.0001979805979014,0.0,0.0003959611958028,0.0001979805979014,0.0,0.0
Serbia,Russia,2020-12-01,2020,12,5003,0,0,0,0,1,2,5,1,0,0,0,0,0,1,2,1,0,0,0,3,0,0.9271682727946629,0.0,0.0,0.0,0.0,0.0001853224610822,0.0003706449221645,0.0009266123054114,0.0001853224610822,0.0,0.0,0.0,0.0,0.0,0.0001853224610822,0.0003706449221645,0.0001853224610822,0.0,0.0,0.0,0.0005559673832468,0.0
Serbia,Russia,2021-01-01,2021,1,4375,1,0,0,0,0,0,3,2,1,3,0,3,0,2,0,0,0,9,0,0,2,0.9218289085545722,0.0002107037505267,0.0,0.0,0.0,0.0,0.0,0.0006321112515802,0.0004214075010535,0.0002107037505267,0.0006321112515802,0.0,0.0006321112515802,0.0,0.0004214075010535,0.0,0.0,0.0,0.0018963337547408,0.0,0.0,0.0004214075010535
Serbia,Russia,2021-02-01,2021,2,4447,0,0,0,0,1,1,4,2,1,2,0,2,0,1,0,0,1,5,1,0,0,0.931894383906119,0.0,0.0,0.0,0.0,0.0002095557418273,0.0002095557418273,0.0008382229673093,0.0004191114836546,0.0002095557418273,0.0004191114836546,0.0,0.0004191114836546,0.0,0.0002095557418273,0.0,0.0,0.0002095557418273,0.0010477787091366,0.0002095557418273,0.0,0.0
Serbia,Russia,2021-03-01,2021,3,4829,0,2,0,0,0,0,0,1,0,1,1,1,1,0,0,0,0,1,2,0,0,0.9220928012220736,0.0,0.0003818980332251,0.0,0.0,0.0,0.0,0.0,0.0001909490166125,0.0,0.0001909490166125,0.0001909490166125,0.0001909490166125,0.0001909490166125,0.0,0.0,0.0,0.0,0.0001909490166125,0.0003818980332251,0.0,0.0
Serbia,Russia,2021-04-01,2021,4,4421,1,0,0,0,2,1,2,1,1,1,0,1,1,0,0,0,1,1,1,0,0,0.9352654960863128,0.0002115506663845,0.0,0.0,0.0,0.0004231013327691,0.0002115506663845,0.0004231013327691,0.0002115506663845,0.0002115506663845,0.0002115506663845,0.0,0.0002115506663845,0.0002115506663845,0.0,0.0,0.0,0.0002115506663845,0.0002115506663845,0.0002115506663845,0.0,0.0
Serbia,Russia,2021-05-01,2021,5,3986,2,0,1,0,0,0,3,0,1,1,0,3,0,0,1,0,0,1,1,2,1,0.97361993160723,0.0004885197850512,0.0,0.0002442598925256,0.0,0.0,0.0,0.0007327796775769,0.0,0.0002442598925256,0.0002442598925256,0.0,0.0007327796775769,0.0,0.0,0.0002442598925256,0.0,0.0,0.0002442598925256,0.0002442598925256,0.0004885197850512,0.0002442598925256
Serbia,Russia,2021-06-01,2021,6,4225,0,0,0,0,1,1,3,2,0,1,0,3,0,0,4,0,1,2,0,2,0,0.9825581395348836,0.0,0.0,0.0,0.0,0.0002325581395348,0.0002325581395348,0.0006976744186046,0.0004651162790697,0.0,0.0002325581395348,0.0,0.0006976744186046,0.0,0.0,0.0009302325581395,0.0,0.0002325581395348,0.0004651162790697,0.0,0.0004651162790697,0.0
Serbia,Russia,2021-07-01,2021,7,4398,1,0,0,0,0,0,4,1,0,1,0,1,0,0,1,0,0,0,0,1,0,0.9695767195767196,0.0002204585537918,0.0,0.0,0.0,0.0,0.0,0.0008818342151675,0.0002204585537918,0.0,0.0002204585537918,0.0,0.0002204585537918,0.0,0.0,0.0002204585537918,0.0,0.0,0.0,0.0,0.0002204585537918,0.0
Serbia,Russia,2021-08-01,2021,8,4100,1,0,0,1,0,0,6,2,0,2,0,0,0,0,2,0,0,0,1,0,0,0.9752616555661276,0.0002378686964795,0.0,0.0,0.0002378686964795,0.0,0.0,0.0014272121788772,0.000475737392959,0.0,0.000475737392959,0.0,0.0,0.0,0.0,0.000475737392959,0.0,0.0,0.0,0.0002378686964795,0.0,0.0
Serbia,Russia,2021-09-01,2021,9,5696,1,0,0,0,0,6,10,0,0,4,0,1,0,1,3,0,0,0,2,0,0,0.9921616443128376,0.0001741856819369,0.0,0.0,0.0,0.0,0.0010451140916216,0.0017418568193694,0.0,0.0,0.0006967427277477,0.0,0.0001741856819369,0.0,0.0001741856819369,0.0005225570458108,0.0,0.0,0.0,0.0003483713638738,0.0,0.0
Serbia,Russia,2021-10-01,2021,10,5726,0,0,0,7,1,6,5,0,0,4,0,6,0,2,3,0,2,2,1,2,2,0.989972337482711,0.0,0.0,0.0,0.0012102351313969,0.0001728907330567,0.0010373443983402,0.0008644536652835,0.0,0.0,0.0006915629322268,0.0,0.0010373443983402,0.0,0.0003457814661134,0.0005186721991701,0.0,0.0003457814661134,0.0003457814661134,0.0001728907330567,0.0003457814661134,0.0003457814661134
Serbia,Russia,2021-11-01,2021,11,5845,3,1,0,2,0,1,4,1,0,16,0,1,0,1,4,0,1,0,1,0,0,0.9918547429153232,0.0005090785677922,0.0001696928559307,0.0,0.0003393857118615,0.0,0.0001696928559307,0.000678771423723,0.0001696928559307,0.0,0.0027150856948922,0.0,0.0001696928559307,0.0,0.0001696928559307,0.000678771423723,0.0,0.0001696928559307,0.0,0.0001696928559307,0.0,0.0
Serbia,Russia,2021-12-01,2021,12,6656,2,0,0,0,0,0,5,3,0,6,0,2,0,6,0,2,2,0,4,0,0,0.9916567342073898,0.0002979737783075,0.0,0.0,0.0,0.0,0.0,0.0007449344457687,0.0004469606674612,0.0,0.0008939213349225,0.0,0.0002979737783075,0.0,0.0008939213349225,0.0,0.0002979737783075,0.0002979737783075,0.0,0.000595947556615,0.0,0.0
Serbia,Russia,2022-01-01,2022,1,5841,1,0,0,0,1,2,3,0,0,0,6,2,0,3,0,2,2,0,0,0,0,0.9891617273497036,0.0001693480101608,0.0,0.0,0.0,0.0001693480101608,0.0003386960203217,0.0005080440304826,0.0,0.0,0.0,0.0010160880609652,0.0003386960203217,0.0,0.0005080440304826,0.0,0.0003386960203217,0.0003386960203217,0.0,0.0,0.0,0.0
Serbia,Russia,2022-02-01,2022,2,5461,5,0,0,0,1,7,25,2,0,1,1,3,4,12,1,2,3,0,1,21,0,0.9730933713471134,0.0008909479686386,0.0,0.0,0.0,0.0001781895937277,0.001247327156094,0.0044547398431931,0.0003563791874554,0.0,0.0001781895937277,0.0001781895937277,0.0005345687811831,0.0007127583749109,0.0021382751247327,0.0001781895937277,0.0003563791874554,0.0005345687811831,0.0,0.0001781895937277,0.0037419814682822,0.0
Serbia,Russia,2022-03-01,2022,3,6418,7,0,1,13,10,1,55,8,0,9,1,5,7,31,13,1,2,1,2,69,0,0.9630852340936374,0.0010504201680672,0.0,0.0001500600240096,0.0019507803121248,0.001500600240096,0.0001500600240096,0.0082533013205282,0.0012004801920768,0.0,0.0013505402160864,0.0001500600240096,0.000750300120048,0.0010504201680672,0.0046518607442977,0.0019507803121248,0.0001500600240096,0.0003001200480192,0.0001500600240096,0.0003001200480192,0.0103541416566626,0.0
Serbia,Russia,2022-04-01,2022,4,5626,3,0,0,14,1,2,31,5,1,22,0,1,1,15,12,1,0,0,1,87,0,0.9576170212765958,0.0005106382978723,0.0,0.0,0.0023829787234042,0.0001702127659574,0.0003404255319148,0.0052765957446808,0.0008510638297872,0.0001702127659574,0.0037446808510638,0.0,0.0001702127659574,0.0001702127659574,0.0025531914893617,0.0020425531914893,0.0001702127659574,0.0,0.0,0.0001702127659574,0.0148085106382978,0.0
Serbia,Russia,2022-05-01,2022,5,5178,0,0,1,1,1,6,39,3,2,22,3,3,5,5,4,2,2,0,5,103,2,0.9493949394939494,0.0,0.0,0.0001833516685001,0.0001833516685001,0.0001833516685001,0.0011001100110011,0.0071507150715071,0.0005500550055005,0.0003667033370003,0.004033736707004,0.0005500550055005,0.0005500550055005,0.0009167583425009,0.0009167583425009,0.0007334066740007,0.0003667033370003,0.0003667033370003,0.0,0.0009167583425009,0.0188852218555188,0.0003667033370003
Serbia,Russia,2022-06-01,2022,6,5636,0,0,0,5,0,23,38,10,1,9,2,2,4,8,7,1,0,1,5,68,0,0.9550923572275886,0.0,0.0,0.0,0.0008473140145738,0.0,0.0038976444670394,0.0064395865107608,0.0016946280291476,0.0001694628029147,0.0015251652262328,0.0003389256058295,0.0003389256058295,0.000677851211659,0.001355702423318,0.0011862396204033,0.0001694628029147,0.0,0.0001694628029147,0.0008473140145738,0.0115234705982036,0.0
Serbia,Russia,2022-07-01,2022,7,5782,1,0,0,0,1,0,15,0,0,9,0,0,2,3,2,1,7,2,3,34,0,0.9753711201079622,0.0001686909581646,0.0,0.0,0.0,0.0001686909581646,0.0,0.0025303643724696,0.0,0.0,0.0015182186234817,0.0,0.0,0.0003373819163292,0.0005060728744939,0.0003373819163292,0.0001686909581646,0.0011808367071524,0.0003373819163292,0.0005060728744939,0.0057354925775978,0.0
Serbia,Russia,2022-08-01,2022,8,5806,0,0,0,2,1,2,23,3,0,7,10,1,3,19,5,1,1,0,0,23,0,0.9663781624500666,0.0,0.0,0.0,0.0003328894806924,0.0001664447403462,0.0003328894806924,0.0038282290279627,0.0004993342210386,0.0,0.0011651131824234,0.001664447403462,0.0001664447403462,0.0004993342210386,0.0031624500665778,0.000832223701731,0.0001664447403462,0.0001664447403462,0.0,0.0,0.0038282290279627,0.0
Serbia,Russia,2022-09-01,2022,9,5589,0,0,0,9,6,0,25,7,2,1,3,2,0,14,13,2,2,0,10,22,0,0.9703125,0.0,0.0,0.0,0.0015625,0.0010416666666666,0.0,0.0043402777777777,0.0012152777777777,0.0003472222222222,0.0001736111111111,0.0005208333333333,0.0003472222222222,0.0,0.0024305555555555,0.0022569444444444,0.0003472222222222,0.0003472222222222,0.0,0.0017361111111111,0.0038194444444444,0.0
Serbia,Russia,2022-10-01,2022,10,5897,0,0,0,1,3,7,35,2,0,14,5,2,3,24,4,3,3,0,3,83,0,0.9580828594638504,0.0,0.0,0.0,0.0001624695369618,0.0004874086108854,0.0011372867587327,0.0056864337936636,0.0003249390739236,0.0,0.0022745735174654,0.000812347684809,0.0003249390739236,0.0004874086108854,0.0038992688870836,0.0006498781478472,0.0004874086108854,0.0004874086108854,0.0,0.0004874086108854,0.013484971567831,0.0
Serbia,Russia,2022-11-01,2022,11,5951,1,0,0,2,1,5,17,1,2,7,1,4,4,3,1,0,5,2,2,39,1,0.9626334519572952,0.0001617599482368,0.0,0.0,0.0003235198964736,0.0001617599482368,0.000808799741184,0.0027499191200258,0.0001617599482368,0.0003235198964736,0.0011323196376577,0.0001617599482368,0.0006470397929472,0.0006470397929472,0.0004852798447104,0.0001617599482368,0.0,0.000808799741184,0.0003235198964736,0.0003235198964736,0.0063086379812358,0.0001617599482368
Serbia,Russia,2022-12-01,2022,12,5245,1,0,0,3,0,5,17,2,2,1,9,4,0,7,5,3,1,1,3,25,0,0.9588665447897624,0.0001828153564899,0.0,0.0,0.0005484460694698,0.0,0.0009140767824497,0.003107861060329,0.0003656307129798,0.0003656307129798,0.0001828153564899,0.0016453382084095,0.0007312614259597,0.0,0.0012797074954296,0.0009140767824497,0.0005484460694698,0.0001828153564899,0.0001828153564899,0.0005484460694698,0.0045703839122486,0.0
Serbia,Russia,2023-01-01,2023,1,5342,0,0,0,1,1,5,17,5,0,4,7,12,5,11,2,0,2,0,0,14,1,0.9611370996761424,0.0,0.0,0.0,0.0001799208348326,0.0001799208348326,0.0008996041741633,0.0030586541921554,0.0008996041741633,0.0,0.0007196833393306,0.0012594458438287,0.002159050017992,0.0008996041741633,0.0019791291831594,0.0003598416696653,0.0,0.0003598416696653,0.0,0.0,0.0025188916876574,0.0001799208348326
Serbia,Russia,2023-02-01,2023,2,4453,1,0,0,4,3,3,27,5,3,2,1,8,3,17,5,0,1,0,0,25,0,0.9454352441613588,0.000212314225053,0.0,0.0,0.0008492569002123,0.0006369426751592,0.0006369426751592,0.0057324840764331,0.0010615711252653,0.0006369426751592,0.0004246284501061,0.000212314225053,0.0016985138004246,0.0006369426751592,0.0036093418259023,0.0010615711252653,0.0,0.000212314225053,0.0,0.0,0.0053078556263269,0.0
Serbia,Russia,2023-03-01,2023,3,6084,9,0,0,2,1,3,18,1,0,1,5,1,3,9,3,1,4,0,1,44,1,0.9552520018841264,0.0014130946773433,0.0,0.0,0.0003140210394096,0.0001570105197048,0.0004710315591144,0.0028261893546867,0.0001570105197048,0.0,0.0001570105197048,0.0007850525985241,0.0001570105197048,0.0004710315591144,0.0014130946773433,0.0004710315591144,0.0001570105197048,0.0006280420788192,0.0,0.0001570105197048,0.006908462867012,0.0001570105197048
Serbia,Russia,2023-04-01,2023,4,5385,14,0,0,3,2,4,10,1,0,0,1,4,8,8,3,1,0,0,1,12,1,0.9610922719971444,0.002498661431376,0.0,0.0,0.0005354274495805,0.0003569516330537,0.0007139032661074,0.0017847581652686,0.0001784758165268,0.0,0.0,0.0001784758165268,0.0007139032661074,0.0014278065322148,0.0014278065322148,0.0005354274495805,0.0001784758165268,0.0,0.0,0.0001784758165268,0.0021417097983223,0.0001784758165268
Serbia,Russia,2023-05-01,2023,5,6732,1,0,0,3,1,2,13,3,0,1,2,3,3,14,2,1,4,0,0,18,2,0.9599315556823044,0.0001425923285327,0.0,0.0,0.0004277769855981,0.0001425923285327,0.0002851846570654,0.0018537002709254,0.0004277769855981,0.0,0.0001425923285327,0.0002851846570654,0.0004277769855981,0.0004277769855981,0.0019962925994581,0.0002851846570654,0.0001425923285327,0.0005703693141308,0.0,0.0,0.002566661913589,0.0002851846570654
Serbia,Russia,2023-06-01,2023,6,5655,1,0,0,0,1,4,13,2,0,1,0,3,1,8,1,0,0,0,1,3,0,0.9617346938775512,0.0001700680272108,0.0,0.0,0.0,0.0001700680272108,0.0006802721088435,0.0022108843537414,0.0003401360544217,0.0,0.0001700680272108,0.0,0.0005102040816326,0.0001700680272108,0.001360544217687,0.0001700680272108,0.0,0.0,0.0,0.0001700680272108,0.0005102040816326,0.0
Serbia,Russia,2023-07-01,2023,7,5263,1,2,0,22,1,4,9,1,0,3,3,4,1,4,1,1,0,0,0,21,0,0.9646260997067448,0.000183284457478,0.000366568914956,0.0,0.0040322580645161,0.000183284457478,0.000733137829912,0.001649560117302,0.000183284457478,0.0,0.000549853372434,0.000549853372434,0.000733137829912,0.000183284457478,0.000733137829912,0.000183284457478,0.000183284457478,0.0,0.0,0.0,0.0038489736070381,0.0
Serbia,Russia,2023-08-01,2023,8,3564,1,1,0,4,0,2,5,0,0,0,2,2,0,6,2,0,2,0,0,4,0,0.9834437086092715,0.0002759381898454,0.0002759381898454,0.0,0.0011037527593818,0.0,0.0005518763796909,0.0013796909492273,0.0,0.0,0.0,0.0005518763796909,0.0005518763796909,0.0,0.0016556291390728,0.0005518763796909,0.0,0.0005518763796909,0.0,0.0,0.0011037527593818,0.0
Serbia,Russia,2023-09-01,2023,9,3718,0,0,0,2,0,5,11,1,0,1,1,4,6,17,1,0,2,0,0,1,0,0.943176052765094,0.0,0.0,0.0,0.0005073566717402,0.0,0.0012683916793505,0.0027904616945712,0.0002536783358701,0.0,0.0002536783358701,0.0002536783358701,0.0010147133434804,0.0015220700152207,0.0043125317097919,0.0002536783358701,0.0,0.0005073566717402,0.0,0.0,0.0002536783358701,0.0
Serbia,Russia,2023-10-01,2023,10,5563,0,0,2,1,0,1,5,0,0,1,0,3,4,13,1,0,2,0,0,7,0,0.9642919050095338,0.0,0.0,0.000346680533888,0.000173340266944,0.0,0.000173340266944,0.00086670133472,0.0,0.0,0.000173340266944,0.0,0.000520020800832,0.000693361067776,0.0022534234702721,0.000173340266944,0.0,0.000346680533888,0.0,0.0,0.001213381868608,0.0
Serbia,Russia,2023-11-01,2023,11,5882,2,0,0,7,0,4,13,0,2,1,1,0,3,5,7,1,1,0,1,10,2,0.9536316472114138,0.0003242542153047,0.0,0.0,0.0011348897535667,0.0,0.0006485084306095,0.0021076523994811,0.0,0.0003242542153047,0.0001621271076523,0.0001621271076523,0.0,0.0004863813229571,0.0008106355382619,0.0011348897535667,0.0001621271076523,0.0001621271076523,0.0,0.0001621271076523,0.0016212710765239,0.0003242542153047
Serbia,Russia,2023-12-01,2023,12,5176,0,0,0,3,0,1,9,3,0,6,2,1,0,1,13,1,0,0,0,12,0,0.9526964844468986,0.0,0.0,0.0,0.0005521811154058,0.0,0.0001840603718019,0.0016565433462175,0.0005521811154058,0.0,0.0011043622308117,0.0003681207436039,0.0001840603718019,0.0,0.0001840603718019,0.0023927848334253,0.0001840603718019,0.0,0.0,0.0,0.0022087244616234,0.0
Serbia,Russia,2024-01-01,2024,1,4890,4,0,1,1,0,3,12,3,0,3,1,4,0,7,4,0,4,0,2,0,0,0.9612738352663652,0.0007863180656575,0.0,0.0001965795164143,0.0001965795164143,0.0,0.0005897385492431,0.0023589541969726,0.0005897385492431,0.0,0.0005897385492431,0.0001965795164143,0.0007863180656575,0.0,0.0013760566149007,0.0007863180656575,0.0,0.0007863180656575,0.0,0.0003931590328287,0.0,0.0
Serbia,Russia,2024-02-01,2024,2,5281,3,0,0,17,2,1,17,1,0,0,0,0,2,4,3,0,0,0,0,19,0,0.9542826165522226,0.0005421033610408,0.0,0.0,0.003071919045898,0.0003614022406938,0.0001807011203469,0.003071919045898,0.0001807011203469,0.0,0.0,0.0,0.0,0.0003614022406938,0.0007228044813877,0.0005421033610408,0.0,0.0,0.0,0.0,0.0034333212865919,0.0
Serbia,Russia,2024-03-01,2024,3,5616,0,0,0,8,0,4,25,1,0,1,3,2,1,6,18,2,0,0,0,4,0,0.9598359254828236,0.0,0.0,0.0,0.0013672876431379,0.0,0.0006836438215689,0.004272773884806,0.0001709109553922,0.0,0.0001709109553922,0.0005127328661767,0.0003418219107844,0.0001709109553922,0.0010254657323534,0.0030763971970603,0.0003418219107844,0.0,0.0,0.0,0.0006836438215689,0.0
Serbia,Russia,2024-04-01,2024,4,5638,1,0,0,2,1,2,5,1,0,1,1,1,5,0,2,0,0,0,1,2,0,0.9667352537722907,0.0001714677640603,0.0,0.0,0.0003429355281207,0.0001714677640603,0.0003429355281207,0.0008573388203017,0.0001714677640603,0.0,0.0001714677640603,0.0001714677640603,0.0001714677640603,0.0008573388203017,0.0,0.0003429355281207,0.0,0.0,0.0,0.0001714677640603,0.0003429355281207,0.0
Serbia,Russia,2024-05-01,2024,5,5357,1,3,0,2,1,15,12,0,0,1,0,0,6,3,4,1,0,0,0,5,0,0.951003017930055,0.0001775252973548,0.0005325758920646,0.0,0.0003550505947097,0.0001775252973548,0.002662879460323,0.0021303035682584,0.0,0.0,0.0001775252973548,0.0,0.0,0.0010651517841292,0.0005325758920646,0.0007101011894194,0.0001775252973548,0.0,0.0,0.0,0.0008876264867743,0.0
Serbia,Russia,2024-06-01,2024,6,5758,4,0,0,8,2,4,5,0,0,0,1,4,0,2,2,4,0,0,1,1,1,0.9599866622207404,0.0006668889629876,0.0,0.0,0.0013337779259753,0.0003334444814938,0.0006668889629876,0.0008336112037345,0.0,0.0,0.0,0.0001667222407469,0.0006668889629876,0.0,0.0003334444814938,0.0003334444814938,0.0006668889629876,0.0,0.0,0.0001667222407469,0.0001667222407469,0.0001667222407469
Serbia,Russia,2024-07-01,2024,7,5458,5,0,0,1,0,6,3,1,0,0,2,2,1,3,1,2,0,0,2,6,0,0.9722123263270396,0.000890630566441,0.0,0.0,0.0001781261132882,0.0,0.0010687566797292,0.0005343783398646,0.0001781261132882,0.0,0.0,0.0003562522265764,0.0003562522265764,0.0001781261132882,0.0005343783398646,0.0001781261132882,0.0003562522265764,0.0,0.0,0.0003562522265764,0.0010687566797292,0.0
Serbia,Russia,2024-08-01,2024,8,5132,1,0,0,4,0,6,11,0,0,1,0,2,2,2,5,1,0,0,1,2,0,0.9706828068848118,0.0001891431813883,0.0,0.0,0.0007565727255532,0.0,0.0011348590883298,0.0020805749952714,0.0,0.0,0.0001891431813883,0.0,0.0003782863627766,0.0003782863627766,0.0003782863627766,0.0009457159069415,0.0001891431813883,0.0,0.0,0.0001891431813883,0.0003782863627766,0.0
Serbia,Russia,2024-09-01,2024,9,5051,4,0,0,1,0,9,14,1,0,3,0,1,3,5,2,0,0,0,0,0,3,0.9720939183987682,0.0007698229407236,0.0,0.0,0.0001924557351809,0.0,0.0017321016166281,0.0026943802925327,0.0001924557351809,0.0,0.0005773672055427,0.0,0.0001924557351809,0.0005773672055427,0.0009622786759045,0.0003849114703618,0.0,0.0,0.0,0.0,0.0,0.0005773672055427
Serbia,Russia,2024-10-01,2024,10,5417,0,0,0,6,1,11,10,1,0,5,2,4,4,4,3,0,1,0,3,11,0,0.95521072121319,0.0,0.0,0.0,0.0010580144595309,0.0001763357432551,0.0019396931758067,0.0017633574325515,0.0001763357432551,0.0,0.0008816787162757,0.0003526714865103,0.0007053429730206,0.0007053429730206,0.0007053429730206,0.0005290072297654,0.0,0.0001763357432551,0.0,0.0005290072297654,0.0019396931758067,0.0
Serbia,Russia,2024-11-01,2024,11,5814,0,0,0,0,0,0,7,0,0,2,0,1,2,2,1,0,2,0,0,3,2,0.9672267509565796,0.0,0.0,0.0,0.0,0.0,0.0,0.0011645316918981,0.0,0.0,0.0003327233405423,0.0,0.0001663616702711,0.0003327233405423,0.0003327233405423,0.0001663616702711,0.0,0.0003327233405423,0.0,0.0,0.0004990850108135,0.0003327233405423
Serbia,Russia,2024-12-01,2024,12,6074,0,0,0,0,0,1,8,0,1,5,0,1,2,4,0,0,1,0,1,12,1,0.9648927720413026,0.0,0.0,0.0,0.0,0.0,0.0001588562351072,0.0012708498808578,0.0,0.0001588562351072,0.0007942811755361,0.0,0.0001588562351072,0.0003177124702144,0.0006354249404289,0.0,0.0,0.0001588562351072,0.0,0.0001588562351072,0.0019062748212867,0.0001588562351072
Serbia,Russia,2025-01-01,2025,1,6058,2,2,0,0,2,4,7,2,1,4,0,0,1,5,1,0,2,0,2,30,0,0.9626569203877324,0.0003178134435086,0.0003178134435086,0.0,0.0,0.0003178134435086,0.0006356268870173,0.0011123470522803,0.0003178134435086,0.0001589067217543,0.0006356268870173,0.0,0.0,0.0001589067217543,0.0007945336087716,0.0001589067217543,0.0,0.0003178134435086,0.0,0.0003178134435086,0.0047672016526299,0.0
Serbia,Russia,2025-02-01,2025,2,5604,0,0,0,2,1,5,7,0,0,0,3,1,0,5,4,0,1,0,1,4,0,0.9604113110539846,0.0,0.0,0.0,0.0003427592116538,0.0001713796058269,0.0008568980291345,0.0011996572407883,0.0,0.0,0.0,0.0005141388174807,0.0001713796058269,0.0,0.0008568980291345,0.0006855184233076,0.0,0.0001713796058269,0.0,0.0001713796058269,0.0006855184233076,0.0
Serbia,Russia,2025-03-01,2025,3,6645,1,0,0,2,0,2,5,0,0,4,3,3,1,4,1,0,1,0,2,1,0,0.9676714722586284,0.000145623998835,0.0,0.0,0.00029124799767,0.0,0.00029124799767,0.000728119994175,0.0,0.0,0.00058249599534,0.000436871996505,0.000436871996505,0.000145623998835,0.00058249599534,0.000145623998835,0.0,0.000145623998835,0.0,0.00029124799767,0.000145623998835,0.0
Serbia,Russia,2025-04-01,2025,4,8874,2,1,0,1,0,3,9,2,0,4,7,1,3,4,1,1,0,0,0,5,1,0.9830508474576272,0.0002215575495735,0.0001107787747867,0.0,0.0001107787747867,0.0,0.0003323363243602,0.0009970089730807,0.0002215575495735,0.0,0.000443115099147,0.0007754514235072,0.0001107787747867,0.0003323363243602,0.000443115099147,0.0001107787747867,0.0001107787747867,0.0,0.0,0.0,0.0005538938739337,0.0001107787747867
Serbia,Russia,2025-05-01,2025,5,5962,8,2,0,1,1,2,3,3,0,5,5,0,3,4,2,0,0,0,2,6,0,0.9920133111480866,0.0013311148086522,0.000332778702163,0.0,0.0001663893510815,0.0001663893510815,0.000332778702163,0.0004991680532445,0.0004991680532445,0.0,0.0008319467554076,0.0008319467554076,0.0,0.0004991680532445,0.0006655574043261,0.000332778702163,0.0,0.0,0.0,0.000332778702163,0.0009983361064891,0.0
Serbia,Russia,2025-06-01,2025,6,4969,5,0,0,1,1,3,3,0,0,5,0,2,0,4,1,1,3,1,2,6,1,0.9918163672654692,0.0009980039920159,0.0,0.0,0.0001996007984031,0.0001996007984031,0.0005988023952095,0.0005988023952095,0.0,0.0,0.0009980039920159,0.0,0.0003992015968063,0.0,0.0007984031936127,0.0001996007984031,0.0001996007984031,0.0005988023952095,0.0001996007984031,0.0003992015968063,0.0011976047904191,0.0001996007984031
Serbia,Russia,2025-07-01,2025,7,5119,0,0,0,2,0,3,8,0,0,2,0,4,1,2,2,0,0,0,0,6,0,0.993401901804774,0.0,0.0,0.0,0.0003881234232485,0.0,0.0005821851348728,0.0015524936929943,0.0,0.0,0.0003881234232485,0.0,0.0007762468464971,0.0001940617116242,0.0003881234232485,0.0003881234232485,0.0,0.0,0.0,0.0,0.0011643702697457,0.0
Serbia,Russia,2025-08-01,2025,8,3598,0,0,0,1,1,0,4,0,0,2,0,0,0,0,4,0,0,0,0,3,0,0.9947470279236936,0.0,0.0,0.0,0.0002764722145424,0.0002764722145424,0.0,0.0011058888581697,0.0,0.0,0.0005529444290848,0.0,0.0,0.0,0.0,0.0011058888581697,0.0,0.0,0.0,0.0,0.0008294166436273,0.0
Serbia,Russia,2025-09-01,2025,9,1423,1,0,0,0,0,1,1,0,0,0,0,0,0,0,2,0,0,0,0,1,0,0.9958012596221134,0.0006997900629811,0.0,0.0,0.0,0.0,0.0006997900629811,0.0006997900629811,0.0,0.0,0.0,0.0,0.0,0.0,0.0,0.0013995801259622,0.0,0.0,0.0,0.0,0.0006997900629811,0.0
Serbia,Russia,2025-10-01,2025,10,70,0,0,0,0,0,0,0,0,0,0,0,0,0,0,0,0,0,0,1,5,0,0.9090909090909092,0.0,0.0,0.0,0.0,0.0,0.0,0.0,0.0,0.0,0.0,0.0,0.0,0.0,0.0,0.0,0.0,0.0,0.0,0.0129870129870129,0.0649350649350649,0.0
Serbia,Russia,2025-11-01,2025,11,17,0,0,0,0,0,0,0,0,0,0,0,0,0,0,0,0,0,0,0,0,0,1.0,0.0,0.0,0.0,0.0,0.0,0.0,0.0,0.0,0.0,0.0,0.0,0.0,0.0,0.0,0.0,0.0,0.0,0.0,0.0,0.0,0.0
Serbia,Russia,2025-12-01,2025,12,0,0,0,0,0,0,0,0,0,0,0,0,0,0,0,0,0,0,0,0,0,0,0.0,0.0,0.0,0.0,0.0,0.0,0.0,0.0,0.0,0.0,0.0,0.0,0.0,0.0,0.0,0.0,0.0,0.0,0.0,0.0,0.0,0.0
