country,date,arrest,censor,electionactivity,electionirregularities,cooperate,coup,defamationcase,disaster,legalaction,legalchange,martiallaw,mobilizesecurity,corruption,activism,protest,purge,raid,threaten,violencelethal,violencenonlethal,cs_999,ncr_arrest,ncr_cooperate,ncr_corruption,ncr_defamationcase,ncr_legalaction,ncr_legalchange,ncr_purge,ncr_raid,ncr_threaten,ncr_violencelethal,ncr_violencenonlethal,total_articles,arrestNorm,censorNorm,electionactivityNorm,electionirregularitiesNorm,cooperateNorm,coupNorm,defamationcaseNorm,disasterNorm,legalactionNorm,legalchangeNorm,martiallawNorm,mobilizesecurityNorm,corruptionNorm,activismNorm,protestNorm,purgeNorm,raidNorm,threatenNorm,violencelethalNorm,violencenonlethalNorm,ncr_arrestNorm,ncr_cooperateNorm,ncr_corruptionNorm,ncr_defamationcaseNorm,ncr_legalactionNorm,ncr_legalchangeNorm,ncr_purgeNorm,ncr_raidNorm,ncr_threatenNorm,ncr_violencelethalNorm,ncr_violencenonlethalNorm
Benin,2012-01-01,0,0,2,1,1,1,0,0,0,1,0,0,2,0,3,2,0,1,3,1,112,0,0,0,0,1,1,0,0,0,0,0,132,0,0,0.015151515151515152,0.007575757575757576,0.007575757575757576,0.007575757575757576,0,0,0,0.007575757575757576,0,0,0.015151515151515152,0,0.022727272727272728,0.015151515151515152,0,0.007575757575757576,0.022727272727272728,0.007575757575757576,0,0,0,0,0.007575757575757576,0.007575757575757576,0,0,0,0,0
Benin,2012-02-01,0,0,6,0,1,0,0,2,0,11,0,0,0,1,11,2,0,0,0,1,185,1,4,1,0,3,2,0,0,0,0,0,230,0,0,0.02608695652173913,0,0.004347826086956522,0,0,0.008695652173913044,0,0.04782608695652174,0,0,0,0.004347826086956522,0.04782608695652174,0.008695652173913044,0,0,0,0.004347826086956522,0.004347826086956522,0.017391304347826087,0.004347826086956522,0,0.013043478260869565,0.008695652173913044,0,0,0,0,0
Benin,2012-03-01,0,1,0,0,1,2,0,0,0,10,0,0,1,0,9,0,0,0,0,0,188,1,3,1,0,0,3,0,0,0,1,1,222,0,0.0045045045045045045,0,0,0.0045045045045045045,0.009009009009009009,0,0,0,0.04504504504504504,0,0,0.0045045045045045045,0,0.04054054054054054,0,0,0,0,0,0.0045045045045045045,0.013513513513513514,0.0045045045045045045,0,0,0.013513513513513514,0,0,0,0.0045045045045045045,0.0045045045045045045
Benin,2012-04-01,0,0,2,0,4,0,0,2,0,18,0,0,0,0,4,1,0,0,0,0,192,1,2,0,0,0,2,1,0,0,0,0,229,0,0,0.008733624454148471,0,0.017467248908296942,0,0,0.008733624454148471,0,0.07860262008733625,0,0,0,0,0.017467248908296942,0.004366812227074236,0,0,0,0,0.004366812227074236,0.008733624454148471,0,0,0,0.008733624454148471,0.004366812227074236,0,0,0,0
Benin,2012-05-01,1,0,7,1,4,0,0,4,3,6,0,0,1,1,5,2,1,0,1,3,220,0,1,3,0,4,3,1,0,0,0,6,276,0.0036231884057971015,0,0.025362318840579712,0.0036231884057971015,0.014492753623188406,0,0,0.014492753623188406,0.010869565217391304,0.021739130434782608,0,0,0.0036231884057971015,0.0036231884057971015,0.018115942028985508,0.007246376811594203,0.0036231884057971015,0,0.0036231884057971015,0.010869565217391304,0,0.0036231884057971015,0.010869565217391304,0,0.014492753623188406,0.010869565217391304,0.0036231884057971015,0,0,0,0.021739130434782608
Benin,2012-06-01,1,0,4,3,1,0,0,2,9,4,0,1,0,1,0,0,0,0,0,1,270,0,4,0,0,1,3,0,0,1,1,4,311,0.003215434083601286,0,0.012861736334405145,0.00964630225080386,0.003215434083601286,0,0,0.006430868167202572,0.028938906752411574,0.012861736334405145,0,0.003215434083601286,0,0.003215434083601286,0,0,0,0,0,0.003215434083601286,0,0.012861736334405145,0,0,0.003215434083601286,0.00964630225080386,0,0,0.003215434083601286,0.003215434083601286,0.012861736334405145
Benin,2012-07-01,1,0,6,0,4,0,0,1,0,4,0,0,1,1,5,0,0,3,0,0,285,2,2,1,0,0,1,0,0,0,0,3,320,0.003125,0,0.01875,0,0.0125,0,0,0.003125,0,0.0125,0,0,0.003125,0.003125,0.015625,0,0,0.009375,0,0,0.00625,0.00625,0.003125,0,0,0.003125,0,0,0,0,0.009375
Benin,2012-08-01,0,0,8,1,4,1,0,2,0,3,1,0,1,1,1,0,0,2,1,0,275,0,2,1,0,0,3,0,0,0,0,1,308,0,0,0.025974025974025976,0.003246753246753247,0.012987012987012988,0.003246753246753247,0,0.006493506493506494,0,0.00974025974025974,0.003246753246753247,0,0.003246753246753247,0.003246753246753247,0.003246753246753247,0,0,0.006493506493506494,0.003246753246753247,0,0,0.006493506493506494,0.003246753246753247,0,0,0.00974025974025974,0,0,0,0,0.003246753246753247
Benin,2012-09-01,1,1,5,0,6,0,0,3,1,0,0,0,2,2,5,1,0,0,0,0,226,2,3,0,0,1,2,0,0,0,1,0,262,0.003816793893129771,0.003816793893129771,0.019083969465648856,0,0.022900763358778626,0,0,0.011450381679389313,0.003816793893129771,0,0,0,0.007633587786259542,0.007633587786259542,0.019083969465648856,0.003816793893129771,0,0,0,0,0.007633587786259542,0.011450381679389313,0,0,0.003816793893129771,0.007633587786259542,0,0,0,0.003816793893129771,0
Benin,2012-10-01,5,0,1,0,2,3,1,3,7,2,0,0,2,1,2,0,0,0,0,0,232,6,3,2,2,6,4,1,0,0,2,1,281,0.017793594306049824,0,0.0035587188612099642,0,0.0071174377224199285,0.010676156583629894,0.0035587188612099642,0.010676156583629894,0.02491103202846975,0.0071174377224199285,0,0,0.0071174377224199285,0.0035587188612099642,0.0071174377224199285,0,0,0,0,0,0.021352313167259787,0.010676156583629894,0.0071174377224199285,0.0071174377224199285,0.021352313167259787,0.014234875444839857,0.0035587188612099642,0,0,0.0071174377224199285,0.0035587188612099642
Benin,2012-11-01,1,0,3,1,3,0,0,0,3,2,0,0,2,1,5,2,0,0,0,0,154,3,3,0,1,1,1,0,0,0,0,2,185,0.005405405405405406,0,0.016216216216216217,0.005405405405405406,0.016216216216216217,0,0,0,0.016216216216216217,0.010810810810810811,0,0,0.010810810810810811,0.005405405405405406,0.02702702702702703,0.010810810810810811,0,0,0,0,0.016216216216216217,0.016216216216216217,0,0.005405405405405406,0.005405405405405406,0.005405405405405406,0,0,0,0,0.010810810810810811
Benin,2012-12-01,0,1,8,1,1,0,1,5,4,4,0,0,2,1,3,1,0,2,0,0,186,1,2,0,2,3,1,1,0,0,1,0,227,0,0.004405286343612335,0.03524229074889868,0.004405286343612335,0.004405286343612335,0,0.004405286343612335,0.022026431718061675,0.01762114537444934,0.01762114537444934,0,0,0.00881057268722467,0.004405286343612335,0.013215859030837005,0.004405286343612335,0,0.00881057268722467,0,0,0.004405286343612335,0.00881057268722467,0,0.00881057268722467,0.013215859030837005,0.004405286343612335,0.004405286343612335,0,0,0.004405286343612335,0
Benin,2013-01-01,8,0,7,2,4,0,1,2,8,6,0,6,3,0,0,1,0,0,2,1,207,4,2,0,2,8,6,0,0,0,1,0,275,0.02909090909090909,0,0.025454545454545455,0.007272727272727273,0.014545454545454545,0,0.0036363636363636364,0.007272727272727273,0.02909090909090909,0.02181818181818182,0,0.02181818181818182,0.01090909090909091,0,0,0.0036363636363636364,0,0,0.007272727272727273,0.0036363636363636364,0.014545454545454545,0.007272727272727273,0,0.007272727272727273,0.02909090909090909,0.02181818181818182,0,0,0,0.0036363636363636364,0
Benin,2013-02-01,1,1,11,5,7,1,0,4,27,8,0,0,11,1,6,5,0,1,1,7,565,6,6,6,0,2,7,3,0,1,0,5,689,0.001451378809869376,0.001451378809869376,0.015965166908563134,0.00725689404934688,0.010159651669085631,0.001451378809869376,0,0.005805515239477504,0.03918722786647315,0.011611030478955007,0,0,0.015965166908563134,0.001451378809869376,0.008708272859216255,0.00725689404934688,0,0.001451378809869376,0.001451378809869376,0.010159651669085631,0.008708272859216255,0.008708272859216255,0.008708272859216255,0,0.002902757619738752,0.010159651669085631,0.0043541364296081275,0,0.001451378809869376,0,0.00725689404934688
Benin,2013-03-01,3,0,17,6,7,9,0,9,9,11,0,3,6,2,13,0,0,1,1,0,529,1,5,1,0,6,4,0,0,0,3,3,642,0.004672897196261682,0,0.0264797507788162,0.009345794392523364,0.010903426791277258,0.014018691588785047,0,0.014018691588785047,0.014018691588785047,0.017133956386292833,0,0.004672897196261682,0.009345794392523364,0.003115264797507788,0.020249221183800622,0,0,0.001557632398753894,0.001557632398753894,0,0.001557632398753894,0.00778816199376947,0.001557632398753894,0,0.009345794392523364,0.006230529595015576,0,0,0,0.004672897196261682,0.004672897196261682
Benin,2013-04-01,2,0,8,2,4,3,0,1,5,9,0,3,3,0,6,3,0,0,1,0,500,9,4,3,0,1,3,0,0,1,0,0,569,0.0035149384885764497,0,0.014059753954305799,0.0035149384885764497,0.007029876977152899,0.005272407732864675,0,0.0017574692442882249,0.008787346221441126,0.015817223198594025,0,0.005272407732864675,0.005272407732864675,0,0.01054481546572935,0.005272407732864675,0,0,0.0017574692442882249,0,0.015817223198594025,0.007029876977152899,0.005272407732864675,0,0.0017574692442882249,0.005272407732864675,0,0,0.0017574692442882249,0,0
Benin,2013-05-01,3,0,10,1,0,3,0,3,14,3,1,3,14,2,8,1,0,1,2,0,429,6,0,0,0,12,2,0,0,0,1,3,516,0.005813953488372093,0,0.01937984496124031,0.001937984496124031,0,0.005813953488372093,0,0.005813953488372093,0.027131782945736434,0.005813953488372093,0.001937984496124031,0.005813953488372093,0.027131782945736434,0.003875968992248062,0.015503875968992248,0.001937984496124031,0,0.001937984496124031,0.003875968992248062,0,0.011627906976744186,0,0,0,0.023255813953488372,0.003875968992248062,0,0,0,0.001937984496124031,0.005813953488372093
Benin,2013-06-01,2,0,11,0,4,0,0,3,14,23,0,0,1,2,12,3,0,1,2,4,452,0,0,1,0,4,2,0,0,0,0,3,544,0.003676470588235294,0,0.02022058823529412,0,0.007352941176470588,0,0,0.0055147058823529415,0.025735294117647058,0.042279411764705885,0,0,0.001838235294117647,0.003676470588235294,0.022058823529411766,0.0055147058823529415,0,0.001838235294117647,0.003676470588235294,0.007352941176470588,0,0,0.001838235294117647,0,0.007352941176470588,0.003676470588235294,0,0,0,0,0.0055147058823529415
Benin,2013-07-01,3,0,13,2,4,1,0,4,12,40,0,0,3,3,13,2,1,0,1,4,635,3,4,1,0,1,4,3,1,1,2,3,763,0.003931847968545216,0,0.01703800786369594,0.002621231979030144,0.005242463958060288,0.001310615989515072,0,0.005242463958060288,0.015727391874180863,0.05242463958060288,0,0,0.003931847968545216,0.003931847968545216,0.01703800786369594,0.002621231979030144,0.001310615989515072,0,0.001310615989515072,0.005242463958060288,0.003931847968545216,0.005242463958060288,0.001310615989515072,0,0.001310615989515072,0.005242463958060288,0.003931847968545216,0.001310615989515072,0.001310615989515072,0.002621231979030144,0.003931847968545216
Benin,2013-08-01,0,0,14,1,3,3,0,1,6,37,5,5,3,0,6,31,0,2,1,1,609,2,10,4,0,4,1,1,0,2,1,3,753,0,0,0.01859229747675963,0.0013280212483399733,0.00398406374501992,0.00398406374501992,0,0.0013280212483399733,0.00796812749003984,0.049136786188579015,0.006640106241699867,0.006640106241699867,0.00398406374501992,0,0.00796812749003984,0.041168658698539175,0,0.0026560424966799467,0.0013280212483399733,0.0013280212483399733,0.0026560424966799467,0.013280212483399735,0.005312084993359893,0,0.005312084993359893,0.0013280212483399733,0.0013280212483399733,0,0.0026560424966799467,0.0013280212483399733,0.00398406374501992
Benin,2013-09-01,1,1,31,4,14,0,0,5,8,42,0,2,2,5,4,6,0,2,2,1,683,5,11,1,0,8,3,0,1,1,0,1,843,0.0011862396204033216,0.0011862396204033216,0.036773428232502965,0.004744958481613286,0.0166073546856465,0,0,0.005931198102016607,0.009489916963226572,0.0498220640569395,0,0.002372479240806643,0.002372479240806643,0.005931198102016607,0.004744958481613286,0.0071174377224199285,0,0.002372479240806643,0.002372479240806643,0.0011862396204033216,0.005931198102016607,0.013048635824436536,0.0011862396204033216,0,0.009489916963226572,0.0035587188612099642,0,0.0011862396204033216,0.0011862396204033216,0,0.0011862396204033216
Benin,2013-10-01,2,0,22,1,5,0,0,2,11,22,0,2,5,8,5,5,0,1,0,2,680,4,10,1,0,3,10,2,0,1,0,2,802,0.0024937655860349127,0,0.02743142144638404,0.0012468827930174563,0.006234413965087282,0,0,0.0024937655860349127,0.01371571072319202,0.02743142144638404,0,0.0024937655860349127,0.006234413965087282,0.00997506234413965,0.006234413965087282,0.006234413965087282,0,0.0012468827930174563,0,0.0024937655860349127,0.004987531172069825,0.012468827930174564,0.0012468827930174563,0,0.003740648379052369,0.012468827930174564,0.0024937655860349127,0,0.0012468827930174563,0,0.0024937655860349127
Benin,2013-11-01,4,0,14,0,11,0,0,2,13,8,0,0,6,2,6,3,0,2,1,4,593,3,15,1,0,2,8,0,0,0,0,1,696,0.005747126436781609,0,0.020114942528735632,0,0.015804597701149427,0,0,0.0028735632183908046,0.01867816091954023,0.011494252873563218,0,0,0.008620689655172414,0.0028735632183908046,0.008620689655172414,0.004310344827586207,0,0.0028735632183908046,0.0014367816091954023,0.005747126436781609,0.004310344827586207,0.021551724137931036,0.0014367816091954023,0,0.0028735632183908046,0.011494252873563218,0,0,0,0,0.0014367816091954023
Benin,2013-12-01,0,0,12,3,4,1,0,2,11,3,0,1,5,1,18,2,0,1,0,4,525,3,6,4,0,9,7,0,0,1,0,1,621,0,0,0.01932367149758454,0.004830917874396135,0.00644122383252818,0.001610305958132045,0,0.00322061191626409,0.017713365539452495,0.004830917874396135,0,0.001610305958132045,0.008051529790660225,0.001610305958132045,0.028985507246376812,0.00322061191626409,0,0.001610305958132045,0,0.00644122383252818,0.004830917874396135,0.00966183574879227,0.00644122383252818,0,0.014492753623188406,0.011272141706924315,0,0,0.001610305958132045,0,0.001610305958132045
Benin,2014-01-01,0,0,22,1,10,0,0,0,6,5,0,0,4,0,33,4,0,2,1,4,537,1,10,1,0,1,0,0,0,0,0,0,640,0,0,0.034375,0.0015625,0.015625,0,0,0,0.009375,0.0078125,0,0,0.00625,0,0.0515625,0.00625,0,0.003125,0.0015625,0.00625,0.0015625,0.015625,0.0015625,0,0.0015625,0,0,0,0,0,0
Benin,2014-02-01,0,1,9,1,18,0,1,6,8,11,0,1,4,2,18,3,0,3,2,2,553,2,12,1,0,2,2,0,0,0,0,2,663,0,0.0015082956259426848,0.013574660633484163,0.0015082956259426848,0.027149321266968326,0,0.0015082956259426848,0.00904977375565611,0.012066365007541479,0.016591251885369532,0,0.0015082956259426848,0.006033182503770739,0.0030165912518853697,0.027149321266968326,0.004524886877828055,0,0.004524886877828055,0.0030165912518853697,0.0030165912518853697,0.0030165912518853697,0.01809954751131222,0.0015082956259426848,0,0.0030165912518853697,0.0030165912518853697,0,0,0,0,0.0030165912518853697
Benin,2014-03-01,1,0,10,1,8,0,1,2,7,2,0,3,1,0,34,3,0,1,0,3,550,3,10,2,0,4,7,0,0,0,1,2,653,0.0015313935681470138,0,0.015313935681470138,0.0015313935681470138,0.01225114854517611,0,0.0015313935681470138,0.0030627871362940277,0.010719754977029096,0.0030627871362940277,0,0.004594180704441042,0.0015313935681470138,0,0.05206738131699847,0.004594180704441042,0,0.0015313935681470138,0,0.004594180704441042,0.004594180704441042,0.015313935681470138,0.0030627871362940277,0,0.006125574272588055,0.010719754977029096,0,0,0,0.0015313935681470138,0.0030627871362940277
Benin,2014-04-01,2,1,27,1,11,0,0,5,5,3,1,1,2,1,21,0,0,0,2,1,528,5,6,3,0,10,2,3,0,0,0,2,639,0.003129890453834116,0.001564945226917058,0.04225352112676056,0.001564945226917058,0.017214397496087636,0,0,0.00782472613458529,0.00782472613458529,0.004694835680751174,0.001564945226917058,0.001564945226917058,0.003129890453834116,0.001564945226917058,0.03286384976525822,0,0,0,0.003129890453834116,0.001564945226917058,0.00782472613458529,0.009389671361502348,0.004694835680751174,0,0.01564945226917058,0.003129890453834116,0.004694835680751174,0,0,0,0.003129890453834116
Benin,2014-05-01,2,0,17,0,10,0,0,0,20,7,0,1,3,1,13,4,0,6,2,1,540,5,9,2,0,9,6,0,0,0,4,1,660,0.0030303030303030303,0,0.025757575757575757,0,0.015151515151515152,0,0,0,0.030303030303030304,0.010606060606060607,0,0.0015151515151515152,0.004545454545454545,0.0015151515151515152,0.019696969696969695,0.006060606060606061,0,0.00909090909090909,0.0030303030303030303,0.0015151515151515152,0.007575757575757576,0.013636363636363636,0.0030303030303030303,0,0.013636363636363636,0.00909090909090909,0,0,0,0.006060606060606061,0.0015151515151515152
Benin,2014-06-01,1,2,12,3,6,1,1,1,7,10,0,1,4,0,5,1,0,1,1,2,488,1,6,5,0,8,8,1,0,1,2,2,572,0.0017482517482517483,0.0034965034965034965,0.02097902097902098,0.005244755244755245,0.01048951048951049,0.0017482517482517483,0.0017482517482517483,0.0017482517482517483,0.012237762237762238,0.017482517482517484,0,0.0017482517482517483,0.006993006993006993,0,0.008741258741258742,0.0017482517482517483,0,0.0017482517482517483,0.0017482517482517483,0.0034965034965034965,0.0017482517482517483,0.01048951048951049,0.008741258741258742,0,0.013986013986013986,0.013986013986013986,0.0017482517482517483,0,0.0017482517482517483,0.0034965034965034965,0.0034965034965034965
Benin,2014-07-01,1,0,13,5,3,1,0,6,5,17,0,0,3,3,17,3,0,1,2,3,558,10,19,1,0,12,2,1,0,0,0,0,682,0.001466275659824047,0,0.01906158357771261,0.007331378299120235,0.004398826979472141,0.001466275659824047,0,0.008797653958944282,0.007331378299120235,0.024926686217008796,0,0,0.004398826979472141,0.004398826979472141,0.024926686217008796,0.004398826979472141,0,0.001466275659824047,0.002932551319648094,0.004398826979472141,0.01466275659824047,0.02785923753665689,0.001466275659824047,0,0.017595307917888565,0.002932551319648094,0.001466275659824047,0,0,0,0
Benin,2014-08-01,0,0,11,3,14,0,0,11,4,5,0,2,0,1,7,15,0,1,1,3,588,2,5,1,0,4,4,3,1,0,3,2,690,0,0,0.015942028985507246,0.004347826086956522,0.020289855072463767,0,0,0.015942028985507246,0.005797101449275362,0.007246376811594203,0,0.002898550724637681,0,0.0014492753623188406,0.010144927536231883,0.021739130434782608,0,0.0014492753623188406,0.0014492753623188406,0.004347826086956522,0.002898550724637681,0.007246376811594203,0.0014492753623188406,0,0.005797101449275362,0.005797101449275362,0.004347826086956522,0.0014492753623188406,0,0.004347826086956522,0.002898550724637681
Benin,2014-09-01,2,0,31,3,18,1,0,9,2,3,0,0,3,1,8,0,0,1,2,4,537,3,14,0,0,2,4,0,0,0,0,3,650,0.003076923076923077,0,0.047692307692307694,0.004615384615384616,0.027692307692307693,0.0015384615384615385,0,0.013846153846153847,0.003076923076923077,0.004615384615384616,0,0,0.004615384615384616,0.0015384615384615385,0.012307692307692308,0,0,0.0015384615384615385,0.003076923076923077,0.006153846153846154,0.004615384615384616,0.021538461538461538,0,0,0.003076923076923077,0.006153846153846154,0,0,0,0,0.004615384615384616
Benin,2014-10-01,1,0,31,13,15,0,0,8,7,8,0,3,4,3,19,3,0,0,0,3,557,2,12,1,0,6,2,0,1,1,7,6,713,0.001402524544179523,0,0.043478260869565216,0.0182328190743338,0.021037868162692847,0,0,0.011220196353436185,0.009817671809256662,0.011220196353436185,0,0.004207573632538569,0.005610098176718092,0.004207573632538569,0.02664796633941094,0.004207573632538569,0,0,0,0.004207573632538569,0.002805049088359046,0.016830294530154277,0.001402524544179523,0,0.008415147265077139,0.002805049088359046,0,0.001402524544179523,0.001402524544179523,0.009817671809256662,0.008415147265077139
Benin,2014-11-01,5,1,20,2,6,0,0,14,12,7,0,2,3,5,10,3,0,3,2,1,574,5,14,2,0,3,1,1,0,1,1,2,698,0.0071633237822349575,0.0014326647564469914,0.02865329512893983,0.0028653295128939827,0.008595988538681949,0,0,0.02005730659025788,0.017191977077363897,0.01002865329512894,0,0.0028653295128939827,0.004297994269340974,0.0071633237822349575,0.014326647564469915,0.004297994269340974,0,0.004297994269340974,0.0028653295128939827,0.0014326647564469914,0.0071633237822349575,0.02005730659025788,0.0028653295128939827,0,0.004297994269340974,0.0014326647564469914,0.0014326647564469914,0,0.0014326647564469914,0.0014326647564469914,0.0028653295128939827
Benin,2014-12-01,1,0,35,5,23,0,0,4,11,7,0,1,3,1,38,2,0,3,1,2,551,2,9,0,0,3,3,1,0,0,2,1,707,0.0014144271570014145,0,0.04950495049504951,0.007072135785007072,0.03253182461103253,0,0,0.005657708628005658,0.015558698727015558,0.009900990099009901,0,0.0014144271570014145,0.004243281471004243,0.0014144271570014145,0.05374823196605375,0.002828854314002829,0,0.004243281471004243,0.0014144271570014145,0.002828854314002829,0.002828854314002829,0.01272984441301273,0,0,0.004243281471004243,0.004243281471004243,0.0014144271570014145,0,0,0.002828854314002829,0.0014144271570014145
Benin,2015-01-01,2,0,40,4,8,0,0,3,9,9,0,4,1,6,11,6,0,1,2,0,540,1,12,3,0,5,5,2,0,1,0,2,674,0.002967359050445104,0,0.05934718100890208,0.005934718100890208,0.011869436201780416,0,0,0.004451038575667656,0.013353115727002967,0.013353115727002967,0,0.005934718100890208,0.001483679525222552,0.008902077151335312,0.016320474777448073,0.008902077151335312,0,0.001483679525222552,0.002967359050445104,0,0.001483679525222552,0.017804154302670624,0.004451038575667656,0,0.00741839762611276,0.00741839762611276,0.002967359050445104,0,0.001483679525222552,0,0.002967359050445104
Benin,2015-02-01,3,0,119,4,15,1,0,5,19,16,0,6,9,5,12,12,0,1,12,12,856,9,14,4,0,14,7,0,0,2,5,7,1158,0.0025906735751295338,0,0.10276338514680483,0.0034542314335060447,0.012953367875647668,8.635578583765112e-4,0,0.004317789291882556,0.016407599309153715,0.013816925734024179,0,0.0051813471502590676,0.007772020725388601,0.004317789291882556,0.010362694300518135,0.010362694300518135,0,8.635578583765112e-4,0.010362694300518135,0.010362694300518135,0.007772020725388601,0.012089810017271158,0.0034542314335060447,0,0.012089810017271158,0.006044905008635579,0,0,0.0017271157167530224,0.004317789291882556,0.006044905008635579
Benin,2015-03-01,4,0,119,11,11,0,1,9,27,38,0,2,14,4,11,6,0,3,1,4,862,13,12,3,0,17,5,1,0,1,10,2,1178,0.003395585738539898,0,0.10101867572156197,0.00933786078098472,0.00933786078098472,0,8.488964346349745e-4,0.007640067911714771,0.022920203735144314,0.03225806451612903,0,0.001697792869269949,0.011884550084889643,0.003395585738539898,0.00933786078098472,0.0050933786078098476,0,0.0025466893039049238,8.488964346349745e-4,0.003395585738539898,0.011035653650254669,0.010186757215619695,0.0025466893039049238,0,0.014431239388794566,0.004244482173174873,8.488964346349745e-4,0,8.488964346349745e-4,0.008488964346349746,0.001697792869269949
Benin,2015-04-01,8,0,299,50,10,3,0,12,12,19,0,1,4,7,19,4,0,2,5,10,883,14,13,10,1,16,9,0,1,0,7,6,1415,0.005653710247349823,0,0.21130742049469964,0.0353356890459364,0.007067137809187279,0.0021201413427561835,0,0.008480565371024734,0.008480565371024734,0.01342756183745583,0,7.067137809187279e-4,0.0028268551236749115,0.0049469964664310955,0.01342756183745583,0.0028268551236749115,0,0.0014134275618374558,0.0035335689045936395,0.007067137809187279,0.009893992932862191,0.009187279151943463,0.007067137809187279,7.067137809187279e-4,0.011307420494699646,0.0063604240282685515,0,7.067137809187279e-4,0,0.0049469964664310955,0.004240282685512367
Benin,2015-05-01,8,1,107,26,13,0,0,2,25,10,1,2,20,4,41,21,1,4,0,7,1030,6,13,7,0,7,2,3,0,4,3,3,1356,0.0058997050147492625,7.374631268436578e-4,0.07890855457227139,0.019174041297935103,0.009587020648967551,0,0,0.0014749262536873156,0.018436578171091445,0.007374631268436578,7.374631268436578e-4,0.0014749262536873156,0.014749262536873156,0.0029498525073746312,0.03023598820058997,0.015486725663716814,7.374631268436578e-4,0.0029498525073746312,0,0.005162241887905605,0.004424778761061947,0.009587020648967551,0.005162241887905605,0,0.005162241887905605,0.0014749262536873156,0.0022123893805309734,0,0.0029498525073746312,0.0022123893805309734,0.0022123893805309734
Benin,2015-06-01,1,0,182,9,15,1,0,13,21,9,1,3,14,2,13,26,0,2,0,6,1102,12,14,13,0,8,5,2,0,1,7,2,1467,6.816632583503749e-4,0,0.12406271301976823,0.006134969325153374,0.010224948875255624,6.816632583503749e-4,0,0.008861622358554875,0.014314928425357873,0.006134969325153374,6.816632583503749e-4,0.002044989775051125,0.00954328561690525,0.0013633265167007499,0.008861622358554875,0.01772324471710975,0,0.0013633265167007499,0,0.00408997955010225,0.0081799591002045,0.00954328561690525,0.008861622358554875,0,0.0054533060668029995,0.0034083162917518746,0.0013633265167007499,0,6.816632583503749e-4,0.004771642808452625,0.0013633265167007499
Benin,2015-07-01,7,1,126,10,18,0,0,3,41,6,0,1,14,2,17,1,0,0,1,8,1189,14,24,11,0,25,6,1,0,0,2,2,1516,0.004617414248021108,6.596306068601583e-4,0.08311345646437995,0.006596306068601583,0.011873350923482849,0,0,0.001978891820580475,0.02704485488126649,0.00395778364116095,0,6.596306068601583e-4,0.009234828496042216,0.0013192612137203166,0.011213720316622692,6.596306068601583e-4,0,0,6.596306068601583e-4,0.005277044854881266,0.009234828496042216,0.0158311345646438,0.007255936675461741,0,0.016490765171503958,0.00395778364116095,6.596306068601583e-4,0,0,0.0013192612137203166,0.0013192612137203166
Benin,2015-08-01,9,0,75,6,5,0,0,9,22,25,0,9,26,2,8,21,0,2,3,3,1141,7,13,6,0,21,10,5,0,0,0,2,1406,0.006401137980085348,0,0.05334281650071124,0.004267425320056899,0.0035561877667140826,0,0,0.006401137980085348,0.015647226173541962,0.017780938833570414,0,0.006401137980085348,0.01849217638691323,0.001422475106685633,0.005689900426742532,0.014935988620199146,0,0.001422475106685633,0.0021337126600284497,0.0021337126600284497,0.004978662873399715,0.009246088193456615,0.004267425320056899,0,0.014935988620199146,0.007112375533428165,0.0035561877667140826,0,0,0,0.001422475106685633
Benin,2015-09-01,1,1,133,2,21,14,0,5,10,7,0,1,9,4,18,5,0,2,2,3,1068,3,18,1,0,4,5,1,0,4,3,2,1342,7.451564828614009e-4,7.451564828614009e-4,0.09910581222056632,0.0014903129657228018,0.01564828614008942,0.010432190760059613,0,0.0037257824143070045,0.007451564828614009,0.005216095380029807,0,7.451564828614009e-4,0.0067064083457526085,0.0029806259314456036,0.013412816691505217,0.0037257824143070045,0,0.0014903129657228018,0.0014903129657228018,0.0022354694485842027,0.0022354694485842027,0.013412816691505217,7.451564828614009e-4,0,0.0029806259314456036,0.0037257824143070045,7.451564828614009e-4,0,0.0029806259314456036,0.0022354694485842027,0.0014903129657228018
Benin,2015-10-01,2,1,116,3,13,2,0,9,5,8,0,3,6,3,22,3,1,1,8,1,1133,11,37,2,1,4,18,0,0,1,2,3,1415,0.0014134275618374558,7.067137809187279e-4,0.08197879858657244,0.0021201413427561835,0.009187279151943463,0.0014134275618374558,0,0.0063604240282685515,0.0035335689045936395,0.005653710247349823,0,0.0021201413427561835,0.004240282685512367,0.0021201413427561835,0.015547703180212015,0.0021201413427561835,7.067137809187279e-4,7.067137809187279e-4,0.005653710247349823,7.067137809187279e-4,0.0077738515901060075,0.026148409893992933,0.0014134275618374558,7.067137809187279e-4,0.0028268551236749115,0.012720848056537103,0,0,7.067137809187279e-4,0.0014134275618374558,0.0021201413427561835
Benin,2015-11-01,1,5,117,2,10,2,1,22,23,9,0,1,6,3,31,4,0,1,2,6,960,12,16,7,0,27,16,3,0,0,1,4,1284,7.78816199376947e-4,0.003894080996884735,0.0911214953271028,0.001557632398753894,0.00778816199376947,0.001557632398753894,7.78816199376947e-4,0.017133956386292833,0.01791277258566978,0.007009345794392523,0,7.78816199376947e-4,0.004672897196261682,0.002336448598130841,0.024143302180685357,0.003115264797507788,0,7.78816199376947e-4,0.001557632398753894,0.004672897196261682,0.009345794392523364,0.012461059190031152,0.005451713395638629,0,0.02102803738317757,0.012461059190031152,0.002336448598130841,0,0,7.78816199376947e-4,0.003115264797507788
Benin,2015-12-01,0,0,120,4,11,5,0,13,19,4,0,1,10,8,6,3,0,1,5,3,940,1,10,0,0,13,12,2,0,0,1,1,1188,0,0,0.10101010101010101,0.003367003367003367,0.009259259259259259,0.004208754208754209,0,0.010942760942760943,0.015993265993265993,0.003367003367003367,0,8.417508417508417e-4,0.008417508417508417,0.006734006734006734,0.005050505050505051,0.0025252525252525255,0,8.417508417508417e-4,0.004208754208754209,0.0025252525252525255,8.417508417508417e-4,0.008417508417508417,0,0,0.010942760942760943,0.010101010101010102,0.0016835016835016834,0,0,8.417508417508417e-4,8.417508417508417e-4
Benin,2016-01-01,5,0,215,16,18,1,0,14,14,4,0,0,3,6,15,3,0,6,5,4,1007,5,9,1,0,11,2,0,0,2,1,3,1369,0.003652300949598247,0,0.1570489408327246,0.01168736303871439,0.013148283418553688,7.304601899196494e-4,0,0.010226442658875092,0.010226442658875092,0.0029218407596785976,0,0,0.002191380569758948,0.004382761139517896,0.01095690284879474,0.002191380569758948,0,0.004382761139517896,0.003652300949598247,0.0029218407596785976,0.003652300949598247,0.006574141709276844,7.304601899196494e-4,0,0.008035062089116142,0.0014609203798392988,0,0,0.0014609203798392988,7.304601899196494e-4,0.002191380569758948
Benin,2016-02-01,3,2,293,68,12,0,0,23,11,6,1,0,11,11,9,9,0,5,1,3,1070,3,11,3,0,4,4,0,0,0,2,1,1564,0.0019181585677749361,0.0012787723785166241,0.18734015345268543,0.043478260869565216,0.0076726342710997444,0,0,0.014705882352941176,0.007033248081841432,0.0038363171355498722,6.393861892583121e-4,0,0.007033248081841432,0.007033248081841432,0.005754475703324808,0.005754475703324808,0,0.00319693094629156,6.393861892583121e-4,0.0019181585677749361,0.0019181585677749361,0.007033248081841432,0.0019181585677749361,0,0.0025575447570332483,0.0025575447570332483,0,0,0,0.0012787723785166241,6.393861892583121e-4
Benin,2016-03-01,1,1,422,21,3,3,0,5,10,15,1,4,11,6,7,12,1,0,6,8,1008,4,14,0,0,3,4,1,1,1,1,2,1571,6.365372374283895e-4,6.365372374283895e-4,0.2686187141947804,0.01336728198599618,0.0019096117122851686,0.0019096117122851686,0,0.003182686187141948,0.006365372374283896,0.009548058561425843,6.365372374283895e-4,0.002546148949713558,0.007001909611712286,0.0038192234245703373,0.004455760661998727,0.0076384468491406746,6.365372374283895e-4,0,0.0038192234245703373,0.005092297899427116,0.002546148949713558,0.008911521323997454,0,0,0.0019096117122851686,0.002546148949713558,6.365372374283895e-4,6.365372374283895e-4,6.365372374283895e-4,6.365372374283895e-4,0.001273074474856779
Benin,2016-04-01,1,0,28,4,16,0,0,7,8,18,0,1,14,2,11,2,0,4,1,2,989,5,13,12,0,7,5,3,0,1,4,3,1149,8.703220191470844e-4,0,0.024369016536118365,0.0034812880765883376,0.01392515230635335,0,0,0.006092254134029591,0.006962576153176675,0.015665796344647518,0,8.703220191470844e-4,0.012184508268059183,0.0017406440382941688,0.009573542210617928,0.0017406440382941688,0,0.0034812880765883376,8.703220191470844e-4,0.0017406440382941688,0.004351610095735422,0.011314186248912098,0.010443864229765013,0,0.006092254134029591,0.004351610095735422,0.0026109660574412533,0,8.703220191470844e-4,0.0034812880765883376,0.0026109660574412533
Benin,2016-05-01,5,0,30,3,11,1,0,9,11,22,0,3,7,1,10,16,1,2,7,3,998,6,16,5,0,8,16,8,0,1,6,6,1204,0.004152823920265781,0,0.024916943521594685,0.0024916943521594683,0.009136212624584718,8.305647840531562e-4,0,0.007475083056478406,0.009136212624584718,0.018272425249169437,0,0.0024916943521594683,0.005813953488372093,8.305647840531562e-4,0.008305647840531562,0.013289036544850499,8.305647840531562e-4,0.0016611295681063123,0.005813953488372093,0.0024916943521594683,0.0049833887043189366,0.013289036544850499,0.004152823920265781,0,0.006644518272425249,0.013289036544850499,0.006644518272425249,0,8.305647840531562e-4,0.0049833887043189366,0.0049833887043189366
Benin,2016-06-01,0,0,27,2,11,5,0,8,11,30,0,2,6,1,15,15,2,3,0,2,958,12,14,6,0,6,33,2,0,1,0,3,1164,0,0,0.023195876288659795,0.001718213058419244,0.009450171821305841,0.00429553264604811,0,0.006872852233676976,0.009450171821305841,0.02577319587628866,0,0.001718213058419244,0.005154639175257732,8.59106529209622e-4,0.01288659793814433,0.01288659793814433,0.001718213058419244,0.002577319587628866,0,0.001718213058419244,0.010309278350515464,0.012027491408934709,0.005154639175257732,0,0.005154639175257732,0.028350515463917526,0.001718213058419244,0,8.59106529209622e-4,0,0.002577319587628866
Benin,2016-07-01,2,2,13,2,8,0,1,0,15,18,0,1,17,3,16,15,0,2,7,1,1031,13,4,12,0,12,16,0,0,1,2,4,1211,0.0016515276630883566,0.0016515276630883566,0.010734929810074319,0.0016515276630883566,0.006606110652353427,0,8.257638315441783e-4,0,0.012386457473162676,0.01486374896779521,0,8.257638315441783e-4,0.014037985136251032,0.002477291494632535,0.013212221304706853,0.012386457473162676,0,0.0016515276630883566,0.005780346820809248,8.257638315441783e-4,0.010734929810074319,0.0033030553261767133,0.00990916597853014,0,0.00990916597853014,0.013212221304706853,0,0,8.257638315441783e-4,0.0016515276630883566,0.0033030553261767133
Benin,2016-08-01,0,1,21,8,13,1,0,17,5,14,2,1,7,1,21,18,0,3,1,2,1155,3,14,3,0,4,19,1,0,1,1,6,1340,0,7.462686567164179e-4,0.015671641791044775,0.005970149253731343,0.009701492537313432,7.462686567164179e-4,0,0.012686567164179104,0.0037313432835820895,0.010447761194029851,0.0014925373134328358,7.462686567164179e-4,0.0052238805970149255,7.462686567164179e-4,0.015671641791044775,0.013432835820895522,0,0.002238805970149254,7.462686567164179e-4,0.0014925373134328358,0.002238805970149254,0.010447761194029851,0.002238805970149254,0,0.0029850746268656717,0.014179104477611941,7.462686567164179e-4,0,7.462686567164179e-4,7.462686567164179e-4,0.004477611940298508
Benin,2016-09-01,4,0,36,1,8,0,0,35,8,13,1,2,9,0,5,30,1,3,4,3,974,4,13,1,0,8,18,4,1,2,3,2,1191,0.0033585222502099076,0,0.030226700251889168,8.396305625524769e-4,0.006717044500419815,0,0,0.02938706968933669,0.006717044500419815,0.0109151973131822,8.396305625524769e-4,0.0016792611251049538,0.007556675062972292,0,0.0041981528127623844,0.02518891687657431,8.396305625524769e-4,0.0025188916876574307,0.0033585222502099076,0.0025188916876574307,0.0033585222502099076,0.0109151973131822,8.396305625524769e-4,0,0.006717044500419815,0.015113350125944584,0.0033585222502099076,8.396305625524769e-4,0.0016792611251049538,0.0025188916876574307,0.0016792611251049538
Benin,2016-10-01,10,4,27,1,14,0,0,21,10,32,0,2,18,9,11,8,2,4,4,4,1036,28,16,4,0,13,39,2,1,2,2,4,1320,0.007575757575757576,0.0030303030303030303,0.020454545454545454,7.575757575757576e-4,0.010606060606060607,0,0,0.015909090909090907,0.007575757575757576,0.024242424242424242,0,0.0015151515151515152,0.013636363636363636,0.006818181818181818,0.008333333333333333,0.006060606060606061,0.0015151515151515152,0.0030303030303030303,0.0030303030303030303,0.0030303030303030303,0.021212121212121213,0.012121212121212121,0.0030303030303030303,0,0.009848484848484848,0.029545454545454545,0.0015151515151515152,7.575757575757576e-4,0.0015151515151515152,0.0015151515151515152,0.0030303030303030303
Benin,2016-11-01,2,3,26,2,17,1,0,3,17,10,0,0,8,3,21,5,0,0,1,5,951,22,19,7,0,38,22,0,0,1,1,3,1176,0.0017006802721088435,0.002551020408163265,0.022108843537414966,0.0017006802721088435,0.01445578231292517,8.503401360544217e-4,0,0.002551020408163265,0.01445578231292517,0.008503401360544218,0,0,0.006802721088435374,0.002551020408163265,0.017857142857142856,0.004251700680272109,0,0,8.503401360544217e-4,0.004251700680272109,0.01870748299319728,0.016156462585034014,0.005952380952380952,0,0.03231292517006803,0.01870748299319728,0,0,8.503401360544217e-4,8.503401360544217e-4,0.002551020408163265
Benin,2016-12-01,2,5,24,2,7,2,0,4,11,13,0,1,9,4,11,5,0,0,0,2,949,2,11,3,0,21,29,1,0,0,0,4,1116,0.0017921146953405018,0.004480286738351254,0.021505376344086023,0.0017921146953405018,0.0062724014336917565,0.0017921146953405018,0,0.0035842293906810036,0.00985663082437276,0.011648745519713262,0,8.960573476702509e-4,0.008064516129032258,0.0035842293906810036,0.00985663082437276,0.004480286738351254,0,0,0,0.0017921146953405018,0.0017921146953405018,0.00985663082437276,0.002688172043010753,0,0.01881720430107527,0.025985663082437275,8.960573476702509e-4,0,0,0,0.0035842293906810036
Benin,2017-01-01,5,12,16,1,9,0,0,16,9,15,1,3,6,6,41,7,0,3,8,4,897,8,13,6,0,18,19,2,0,2,2,3,1126,0.004440497335701598,0.010657193605683837,0.014209591474245116,8.880994671403197e-4,0.007992895204262877,0,0,0.014209591474245116,0.007992895204262877,0.013321492007104795,8.880994671403197e-4,0.0026642984014209592,0.0053285968028419185,0.0053285968028419185,0.03641207815275311,0.006216696269982238,0,0.0026642984014209592,0.007104795737122558,0.003552397868561279,0.007104795737122558,0.011545293072824156,0.0053285968028419185,0,0.015985790408525755,0.016873889875666074,0.0017761989342806395,0,0.0017761989342806395,0.0017761989342806395,0.0026642984014209592
Benin,2017-02-01,5,0,12,2,16,4,0,11,13,43,0,0,10,5,16,5,0,1,0,3,919,11,18,2,0,21,28,0,0,3,2,3,1148,0.004355400696864111,0,0.010452961672473868,0.0017421602787456446,0.013937282229965157,0.003484320557491289,0,0.009581881533101045,0.01132404181184669,0.037456445993031356,0,0,0.008710801393728223,0.004355400696864111,0.013937282229965157,0.004355400696864111,0,8.710801393728223e-4,0,0.002613240418118467,0.009581881533101045,0.0156794425087108,0.0017421602787456446,0,0.018292682926829267,0.024390243902439025,0,0,0.002613240418118467,0.0017421602787456446,0.002613240418118467
Benin,2017-03-01,0,0,15,5,19,2,1,12,14,201,1,0,2,5,24,30,0,1,1,2,1017,4,14,1,0,11,41,1,0,1,1,1,1423,0,0,0.010541110330288124,0.0035137034434293743,0.013352073085031623,0.0014054813773717498,7.027406886858749e-4,0.008432888264230498,0.009838369641602248,0.14125087842586087,7.027406886858749e-4,0,0.0014054813773717498,0.0035137034434293743,0.016865776528460996,0.02108222066057625,0,7.027406886858749e-4,7.027406886858749e-4,0.0014054813773717498,0.0028109627547434997,0.009838369641602248,7.027406886858749e-4,0,0.007730147575544624,0.02881236823612087,7.027406886858749e-4,0,7.027406886858749e-4,7.027406886858749e-4,7.027406886858749e-4
Benin,2017-04-01,0,0,19,2,13,1,0,14,7,131,0,1,6,7,25,12,0,0,0,4,988,10,13,3,2,14,16,0,0,3,0,2,1287,0,0,0.014763014763014764,0.001554001554001554,0.010101010101010102,7.77000777000777e-4,0,0.010878010878010878,0.005439005439005439,0.10178710178710179,0,7.77000777000777e-4,0.004662004662004662,0.005439005439005439,0.019425019425019424,0.009324009324009324,0,0,0,0.003108003108003108,0.00777000777000777,0.010101010101010102,0.002331002331002331,0.001554001554001554,0.010878010878010878,0.012432012432012432,0,0,0.002331002331002331,0,0.001554001554001554
Benin,2017-05-01,2,2,28,2,22,0,0,7,8,15,0,1,7,2,21,12,0,0,1,1,1102,1,22,5,0,13,20,3,0,2,5,1,1299,0.001539645881447267,0.001539645881447267,0.02155504234026174,0.001539645881447267,0.016936104695919937,0,0,0.005388760585065435,0.006158583525789068,0.011547344110854504,0,7.698229407236335e-4,0.005388760585065435,0.001539645881447267,0.016166281755196306,0.009237875288683603,0,0,7.698229407236335e-4,7.698229407236335e-4,7.698229407236335e-4,0.016936104695919937,0.003849114703618168,0,0.010007698229407237,0.015396458814472672,0.0023094688221709007,0,0.001539645881447267,0.003849114703618168,7.698229407236335e-4
Benin,2017-06-01,0,2,30,2,13,1,0,27,19,14,1,2,10,6,33,8,0,2,1,4,1066,5,22,6,0,16,9,1,0,1,0,2,1293,0,0.0015467904098994587,0.02320185614849188,0.0015467904098994587,0.010054137664346482,7.733952049497294e-4,0,0.02088167053364269,0.014694508894044857,0.01082753286929621,7.733952049497294e-4,0.0015467904098994587,0.007733952049497293,0.004640371229698376,0.025522041763341066,0.006187161639597835,0,0.0015467904098994587,7.733952049497294e-4,0.0030935808197989174,0.0038669760247486465,0.017014694508894045,0.004640371229698376,0,0.01237432327919567,0.0069605568445475635,7.733952049497294e-4,0,7.733952049497294e-4,0,0.0015467904098994587
Benin,2017-07-01,1,0,26,1,12,0,0,2,22,6,0,4,9,5,13,18,3,0,2,2,1009,5,9,9,0,23,7,4,0,1,2,1,1185,8.438818565400844e-4,0,0.021940928270042195,8.438818565400844e-4,0.010126582278481013,0,0,0.0016877637130801688,0.018565400843881856,0.005063291139240506,0,0.0033755274261603376,0.007594936708860759,0.004219409282700422,0.010970464135021098,0.015189873417721518,0.002531645569620253,0,0.0016877637130801688,0.0016877637130801688,0.004219409282700422,0.007594936708860759,0.007594936708860759,0,0.019409282700421943,0.00590717299578059,0.0033755274261603376,0,8.438818565400844e-4,0.0016877637130801688,8.438818565400844e-4
Benin,2017-08-01,3,0,17,1,9,1,0,7,19,3,0,3,23,8,11,18,0,3,1,6,1012,10,14,4,0,21,13,4,1,2,1,3,1209,0.0024813895781637717,0,0.014061207609594707,8.271298593879239e-4,0.007444168734491315,8.271298593879239e-4,0,0.005789909015715467,0.015715467328370553,0.0024813895781637717,0,0.0024813895781637717,0.01902398676592225,0.006617038875103391,0.009098428453267164,0.01488833746898263,0,0.0024813895781637717,8.271298593879239e-4,0.004962779156327543,0.008271298593879239,0.011579818031430935,0.0033085194375516956,0,0.017369727047146403,0.010752688172043012,0.0033085194375516956,8.271298593879239e-4,0.0016542597187758478,8.271298593879239e-4,0.0024813895781637717
Benin,2017-09-01,2,0,21,4,8,0,0,28,10,6,0,4,12,9,13,7,1,1,1,2,1008,14,11,4,0,11,24,5,2,1,3,0,1204,0.0016611295681063123,0,0.01744186046511628,0.0033222591362126247,0.006644518272425249,0,0,0.023255813953488372,0.008305647840531562,0.0049833887043189366,0,0.0033222591362126247,0.009966777408637873,0.007475083056478406,0.01079734219269103,0.005813953488372093,8.305647840531562e-4,8.305647840531562e-4,8.305647840531562e-4,0.0016611295681063123,0.011627906976744186,0.009136212624584718,0.0033222591362126247,0,0.009136212624584718,0.019933554817275746,0.004152823920265781,0.0016611295681063123,8.305647840531562e-4,0.0024916943521594683,0
Benin,2017-10-01,2,0,50,3,21,0,0,6,8,12,0,0,4,6,32,24,1,1,0,1,1062,6,12,5,0,10,15,4,0,1,0,3,1282,0.0015600624024961,0,0.0390015600624025,0.00234009360374415,0.01638065522620905,0,0,0.0046801872074883,0.0062402496099844,0.0093603744149766,0,0,0.0031201248049922,0.0046801872074883,0.0249609984399376,0.0187207488299532,7.8003120124805e-4,7.8003120124805e-4,0,7.8003120124805e-4,0.0046801872074883,0.0093603744149766,0.0039001560062402497,0,0.0078003120124804995,0.01170046801872075,0.0031201248049922,0,7.8003120124805e-4,0,0.00234009360374415
Benin,2017-11-01,9,1,23,0,18,0,0,5,22,12,0,2,16,4,33,18,1,1,0,2,973,13,18,4,0,25,28,2,0,2,0,1,1221,0.007371007371007371,8.19000819000819e-4,0.018837018837018837,0,0.014742014742014743,0,0,0.004095004095004095,0.018018018018018018,0.009828009828009828,0,0.001638001638001638,0.013104013104013105,0.003276003276003276,0.02702702702702703,0.014742014742014743,8.19000819000819e-4,8.19000819000819e-4,0,0.001638001638001638,0.010647010647010647,0.014742014742014743,0.003276003276003276,0,0.020475020475020474,0.02293202293202293,0.001638001638001638,0,0.001638001638001638,0,8.19000819000819e-4
Benin,2017-12-01,4,0,15,0,16,1,0,4,20,26,0,0,28,2,20,4,4,1,1,4,939,13,9,3,0,14,17,5,5,0,4,1,1145,0.0034934497816593887,0,0.013100436681222707,0,0.013973799126637555,8.733624454148472e-4,0,0.0034934497816593887,0.017467248908296942,0.022707423580786028,0,0,0.02445414847161572,0.0017467248908296944,0.017467248908296942,0.0034934497816593887,0.0034934497816593887,8.733624454148472e-4,8.733624454148472e-4,0.0034934497816593887,0.011353711790393014,0.007860262008733625,0.0026200873362445414,0,0.01222707423580786,0.014847161572052401,0.004366812227074236,0.004366812227074236,0,0.0034934497816593887,8.733624454148472e-4
Benin,2018-01-01,7,1,12,0,27,1,0,25,19,48,0,1,4,2,98,6,0,6,2,3,939,10,12,3,0,8,19,1,0,2,0,4,1257,0.005568814638027049,7.955449482895784e-4,0.00954653937947494,0,0.021479713603818614,7.955449482895784e-4,0,0.01988862370723946,0.015115354017501989,0.03818615751789976,0,7.955449482895784e-4,0.0031821797931583136,0.0015910898965791568,0.07796340493237867,0.00477326968973747,0,0.00477326968973747,0.0015910898965791568,0.002386634844868735,0.007955449482895784,0.00954653937947494,0.002386634844868735,0,0.006364359586316627,0.015115354017501989,7.955449482895784e-4,0,0.0015910898965791568,0,0.0031821797931583136
Benin,2018-02-01,4,2,26,2,29,1,0,17,22,20,0,0,26,4,72,8,0,7,2,3,988,7,28,5,0,29,14,7,0,1,6,2,1315,0.003041825095057034,0.001520912547528517,0.01977186311787072,0.001520912547528517,0.022053231939163497,7.604562737642585e-4,0,0.012927756653992395,0.016730038022813688,0.015209125475285171,0,0,0.01977186311787072,0.003041825095057034,0.05475285171102662,0.006083650190114068,0,0.00532319391634981,0.001520912547528517,0.0022813688212927757,0.00532319391634981,0.02129277566539924,0.0038022813688212928,0,0.022053231939163497,0.01064638783269962,0.00532319391634981,0,7.604562737642585e-4,0.0045627376425855515,0.001520912547528517
Benin,2018-03-01,4,0,22,1,40,2,0,12,29,12,0,4,21,6,77,4,0,3,2,1,1259,10,19,6,0,33,8,1,0,1,5,4,1567,0.0025526483726866626,0,0.014039566049776643,6.381620931716656e-4,0.025526483726866625,0.0012763241863433313,0,0.007657945118059987,0.018506700701978303,0.007657945118059987,0,0.0025526483726866626,0.013401403956604978,0.0038289725590299937,0.04913848117421825,0.0025526483726866626,0,0.0019144862795149968,0.0012763241863433313,6.381620931716656e-4,0.006381620931716656,0.012125079770261647,0.0038289725590299937,0,0.021059349074664963,0.005105296745373325,6.381620931716656e-4,0,6.381620931716656e-4,0.003190810465858328,0.0025526483726866626
Benin,2018-04-01,2,0,15,2,26,3,0,10,23,10,0,1,9,2,35,4,0,3,3,4,1073,13,15,3,0,33,18,1,0,0,3,3,1308,0.0015290519877675841,0,0.011467889908256881,0.0015290519877675841,0.019877675840978593,0.0022935779816513763,0,0.00764525993883792,0.017584097859327217,0.00764525993883792,0,7.645259938837921e-4,0.006880733944954129,0.0015290519877675841,0.026758409785932722,0.0030581039755351682,0,0.0022935779816513763,0.0022935779816513763,0.0030581039755351682,0.009938837920489297,0.011467889908256881,0.0022935779816513763,0,0.02522935779816514,0.013761467889908258,7.645259938837921e-4,0,0,0.0022935779816513763,0.0022935779816513763
Benin,2018-05-01,6,6,24,6,23,0,0,5,39,23,0,1,26,5,17,17,2,1,3,3,1033,16,16,5,0,44,13,2,0,0,1,2,1319,0.004548900682335102,0.004548900682335102,0.01819560272934041,0.004548900682335102,0.017437452615617893,0,0,0.0037907505686125853,0.029567854435178165,0.017437452615617893,0,7.58150113722517e-4,0.019711902956785442,0.0037907505686125853,0.01288855193328279,0.01288855193328279,0.001516300227445034,7.58150113722517e-4,0.002274450341167551,0.002274450341167551,0.012130401819560273,0.012130401819560273,0.0037907505686125853,0,0.03335860500379075,0.009855951478392721,0.001516300227445034,0,0,7.58150113722517e-4,0.001516300227445034
Benin,2018-06-01,3,0,38,7,10,1,0,10,33,66,0,0,8,0,7,13,0,1,3,1,843,19,10,7,0,40,11,3,0,0,2,3,1129,0.002657218777679362,0,0.03365810451727192,0.006200177147918512,0.008857395925597875,0.00088573959255978745,0,0.008857395925597875,0.029229406554472984,0.05845881310894597,0,0,0.0070859167404783,0,0.006200177147918512,0.011514614703277236,0,0.00088573959255978745,0.002657218777679362,0.00088573959255978745,0.01682905225863596,0.008857395925597875,0.006200177147918512,0,0.0354295837023915,0.0097431355181576609,0.002657218777679362,0,0,0.001771479185119575,0.002657218777679362
Benin,2018-07-01,3,0,41,1,18,1,0,3,24,117,0,2,13,2,5,4,0,2,4,0,907,8,4,7,0,22,14,0,0,0,1,2,1195,0.002510460251046025,0,0.03430962343096234,8.368200836820083e-4,0.01506276150627615,8.368200836820083e-4,0,0.002510460251046025,0.0200836820083682,0.09790794979079498,0,0.0016736401673640166,0.010878661087866108,0.0016736401673640166,0.0041841004184100415,0.0033472803347280333,0,0.0016736401673640166,0.0033472803347280333,0,0.0066945606694560665,0.0033472803347280333,0.005857740585774059,0,0.018410041841004185,0.011715481171548118,0,0,0,8.368200836820083e-4,0.0016736401673640166
Benin,2018-08-01,0,5,28,14,12,0,0,9,21,41,1,0,7,0,5,10,0,0,1,0,827,11,13,8,0,30,9,0,0,2,1,2,1046,0,0.004780114722753346,0.02676864244741874,0.01338432122370937,0.011472275334608031,0,0,0.008604206500956023,0.020076481835564052,0.03919694072657744,9.560229445506692e-4,0,0.006692160611854685,0,0.004780114722753346,0.009560229445506692,0,0,9.560229445506692e-4,0,0.010516252390057362,0.0124282982791587,0.0076481835564053535,0,0.028680688336520075,0.008604206500956023,0,0,0.0019120458891013384,9.560229445506692e-4,0.0019120458891013384
Benin,2018-09-01,2,0,32,14,17,0,0,20,38,52,0,0,8,3,20,1,0,1,0,4,805,7,19,6,0,18,26,3,0,0,1,2,1087,0.0018399264029438822,0,0.029438822447102116,0.012879484820607176,0.015639374425023,0,0,0.01839926402943882,0.034958601655933765,0.04783808647654094,0,0,0.007359705611775529,0.0027598896044158236,0.01839926402943882,9.199632014719411e-4,0,9.199632014719411e-4,0,0.0036798528058877645,0.006439742410303588,0.017479300827966882,0.005519779208831647,0,0.01655933762649494,0.02391904323827047,0.0027598896044158236,0,0,9.199632014719411e-4,0.0018399264029438822
Benin,2018-10-01,2,0,33,8,9,0,4,5,34,22,0,1,7,0,2,0,1,1,3,3,1019,8,13,3,1,39,18,2,1,2,4,5,1236,0.0016181229773462784,0,0.02669902912621359,0.006472491909385114,0.007281553398058253,0,0.003236245954692557,0.0040453074433656954,0.02750809061488673,0.01779935275080906,0,8.090614886731392e-4,0.0056634304207119745,0,0.0016181229773462784,0,8.090614886731392e-4,8.090614886731392e-4,0.0024271844660194173,0.0024271844660194173,0.006472491909385114,0.010517799352750809,0.0024271844660194173,8.090614886731392e-4,0.03155339805825243,0.014563106796116505,0.0016181229773462784,8.090614886731392e-4,0.0016181229773462784,0.003236245954692557,0.0040453074433656954
Benin,2018-11-01,0,0,26,1,17,0,0,4,19,10,0,1,8,5,3,3,0,4,0,1,1005,9,16,4,0,17,21,1,1,1,2,2,1171,0,0,0.02220324508966695,8.539709649871904e-4,0.014517506404782237,0,0,0.0034158838599487617,0.016225448334756618,0.008539709649871904,0,8.539709649871904e-4,0.006831767719897523,0.004269854824935952,0.0025619128949615714,0.0025619128949615714,0,0.0034158838599487617,0,8.539709649871904e-4,0.007685738684884714,0.013663535439795047,0.0034158838599487617,0,0.014517506404782237,0.017933390264730998,8.539709649871904e-4,8.539709649871904e-4,8.539709649871904e-4,0.0017079419299743809,0.0017079419299743809
Benin,2018-12-01,0,0,26,4,13,0,1,18,26,17,0,2,13,2,17,0,0,1,1,3,918,4,15,5,0,18,19,2,0,3,2,4,1120,0,0,0.023214285714285715,0.0035714285714285713,0.011607142857142858,0,8.928571428571428e-4,0.01607142857142857,0.023214285714285715,0.015178571428571428,0,0.0017857142857142857,0.011607142857142858,0.0017857142857142857,0.015178571428571428,0,0,8.928571428571428e-4,8.928571428571428e-4,0.0026785714285714286,0.0035714285714285713,0.013392857142857142,0.004464285714285714,0,0.01607142857142857,0.016964285714285713,0.0017857142857142857,0,0.0026785714285714286,0.0017857142857142857,0.0035714285714285713
Benin,2019-01-01,2,1,96,3,11,2,1,11,24,17,1,1,9,1,7,6,0,1,1,0,852,3,9,2,0,19,20,3,0,2,0,3,1101,0.0018165304268846503,9.082652134423251e-4,0.08719346049046321,0.0027247956403269754,0.009990917347865577,0.0018165304268846503,9.082652134423251e-4,0.009990917347865577,0.021798365122615803,0.015440508628519528,9.082652134423251e-4,9.082652134423251e-4,0.008174386920980926,9.082652134423251e-4,0.006357856494096276,0.005449591280653951,0,9.082652134423251e-4,9.082652134423251e-4,0,0.0027247956403269754,0.008174386920980926,0.0018165304268846503,0,0.01725703905540418,0.018165304268846504,0.0027247956403269754,0,0.0018165304268846503,0,0.0027247956403269754
Benin,2019-02-01,4,0,62,10,12,1,0,11,28,31,2,0,8,4,21,8,0,4,2,2,825,15,5,5,0,14,9,2,0,1,1,2,1081,0.0037002775208140612,0,0.05735430157261795,0.009250693802035153,0.011100832562442183,9.250693802035153e-4,0,0.010175763182238668,0.025901942645698426,0.028677150786308975,0.0018501387604070306,0,0.0074005550416281225,0.0037002775208140612,0.01942645698427382,0.0074005550416281225,0,0.0037002775208140612,0.0018501387604070306,0.0018501387604070306,0.013876040703052728,0.004625346901017576,0.004625346901017576,0,0.012950971322849213,0.008325624421831638,0.0018501387604070306,0,9.250693802035153e-4,9.250693802035153e-4,0.0018501387604070306
Benin,2019-03-01,2,0,63,13,29,1,1,10,27,64,2,1,5,3,25,2,0,2,4,1,950,14,16,2,0,10,13,2,0,1,0,6,1262,0.001584786053882726,0,0.04992076069730586,0.010301109350237718,0.022979397781299524,7.92393026941363e-4,7.92393026941363e-4,0.00792393026941363,0.021394611727416798,0.05071315372424723,0.001584786053882726,7.92393026941363e-4,0.003961965134706815,0.002377179080824089,0.019809825673534072,0.001584786053882726,0,0.001584786053882726,0.003169572107765452,7.92393026941363e-4,0.011093502377179081,0.012678288431061807,0.001584786053882726,0,0.00792393026941363,0.010301109350237718,0.001584786053882726,0,7.92393026941363e-4,0,0.004754358161648178
Benin,2019-04-01,8,1,175,20,7,4,0,9,29,18,1,8,11,3,30,5,1,2,1,8,893,8,7,3,0,19,21,2,0,0,3,2,1289,0.0062063615205585725,7.757951900698216e-4,0.13576415826221877,0.015515903801396431,0.005430566330488751,0.0031031807602792862,0,0.0069821567106283944,0.022498060512024826,0.013964313421256789,7.757951900698216e-4,0.0062063615205585725,0.008533747090768037,0.0023273855702094647,0.023273855702094646,0.003878975950349108,7.757951900698216e-4,0.0015515903801396431,7.757951900698216e-4,0.0062063615205585725,0.0062063615205585725,0.005430566330488751,0.0023273855702094647,0,0.01474010861132661,0.016291698991466253,0.0015515903801396431,0,0,0.0023273855702094647,0.0015515903801396431
Benin,2019-05-01,3,2,82,8,33,1,0,11,33,4,0,15,3,3,24,16,1,2,30,40,1174,7,12,3,0,23,10,0,1,1,15,16,1570,0.001910828025477707,0.0012738853503184713,0.05222929936305733,0.005095541401273885,0.021019108280254776,6.369426751592356e-4,0,0.0070063694267515925,0.021019108280254776,0.0025477707006369425,0,0.009554140127388535,0.001910828025477707,0.001910828025477707,0.015286624203821656,0.01019108280254777,6.369426751592356e-4,0.0012738853503184713,0.01910828025477707,0.025477707006369428,0.0044585987261146496,0.007643312101910828,0.001910828025477707,0,0.01464968152866242,0.006369426751592357,0,6.369426751592356e-4,6.369426751592356e-4,0.009554140127388535,0.01019108280254777
Benin,2019-06-01,2,3,29,1,17,1,0,8,29,14,1,4,11,0,9,12,0,7,14,32,958,6,10,4,0,34,1,1,0,3,3,6,1210,0.001652892561983471,0.0024793388429752068,0.023966942148760332,8.264462809917355e-4,0.014049586776859505,8.264462809917355e-4,0,0.006611570247933884,0.023966942148760332,0.011570247933884297,8.264462809917355e-4,0.003305785123966942,0.00909090909090909,0,0.00743801652892562,0.009917355371900827,0,0.005785123966942148,0.011570247933884297,0.026446280991735537,0.0049586776859504135,0.008264462809917356,0.003305785123966942,0,0.02809917355371901,8.264462809917355e-4,8.264462809917355e-4,0,0.0024793388429752068,0.0024793388429752068,0.0049586776859504135
Benin,2019-07-01,5,0,13,5,33,1,0,7,36,8,0,3,12,3,5,8,1,2,2,2,1237,15,24,5,0,12,7,4,0,1,1,2,1449,0.003450655624568668,0,0.008971704623878536,0.003450655624568668,0.022774327122153208,6.901311249137336e-4,0,0.004830917874396135,0.024844720496894408,0.005521048999309869,0,0.002070393374741201,0.008281573498964804,0.002070393374741201,0.003450655624568668,0.005521048999309869,6.901311249137336e-4,0.0013802622498274672,0.0013802622498274672,0.0013802622498274672,0.010351966873706004,0.016563146997929608,0.003450655624568668,0,0.008281573498964804,0.004830917874396135,0.0027605244996549345,0,6.901311249137336e-4,6.901311249137336e-4,0.0013802622498274672
Benin,2019-08-01,1,0,20,13,5,0,0,20,16,12,0,3,9,3,4,13,0,4,3,4,1027,2,8,2,0,17,11,0,0,3,0,0,1196,8.361204013377926e-4,0,0.016722408026755852,0.010869565217391304,0.004180602006688963,0,0,0.016722408026755852,0.013377926421404682,0.010033444816053512,0,0.002508361204013378,0.007525083612040134,0.002508361204013378,0.0033444816053511705,0.010869565217391304,0,0.0033444816053511705,0.002508361204013378,0.0033444816053511705,0.0016722408026755853,0.006688963210702341,0.0016722408026755853,0,0.014214046822742474,0.00919732441471572,0,0,0.002508361204013378,0,0
Benin,2019-09-01,3,0,14,0,12,2,1,8,15,3,0,4,14,3,4,34,0,1,1,6,984,10,19,1,0,7,12,1,0,2,4,7,1166,0.002572898799313894,0,0.012006861063464836,0,0.010291595197255575,0.0017152658662092624,8.576329331046312e-4,0.00686106346483705,0.012864493996569469,0.002572898799313894,0,0.003430531732418525,0.012006861063464836,0.002572898799313894,0.003430531732418525,0.029159519725557463,0,8.576329331046312e-4,8.576329331046312e-4,0.005145797598627788,0.008576329331046312,0.016295025728987993,8.576329331046312e-4,0,0.006003430531732418,0.010291595197255575,8.576329331046312e-4,0,0.0017152658662092624,0.003430531732418525,0.006003430531732418
Benin,2019-10-01,2,0,26,0,62,0,0,19,11,52,1,3,7,1,4,1,1,1,2,2,1035,1,8,1,0,3,7,1,0,2,2,2,1252,0.001597444089456869,0,0.020766773162939296,0,0.04952076677316294,0,0,0.015175718849840255,0.00878594249201278,0.04153354632587859,7.987220447284345e-4,0.0023961661341853034,0.005591054313099041,7.987220447284345e-4,0.003194888178913738,7.987220447284345e-4,7.987220447284345e-4,7.987220447284345e-4,0.001597444089456869,0.001597444089456869,7.987220447284345e-4,0.006389776357827476,7.987220447284345e-4,0,0.0023961661341853034,0.005591054313099041,7.987220447284345e-4,0,0.001597444089456869,0.001597444089456869,0.001597444089456869
Benin,2019-11-01,4,0,19,2,26,1,1,9,22,100,0,6,4,2,2,20,1,0,3,6,956,6,15,0,1,16,16,0,0,0,1,12,1249,0.0032025620496397116,0,0.01521216973578863,0.0016012810248198558,0.020816653322658127,8.006405124099279e-4,8.006405124099279e-4,0.007205764611689352,0.017614091273018415,0.08006405124099279,0,0.004803843074459567,0.0032025620496397116,0.0016012810248198558,0.0016012810248198558,0.016012810248198558,8.006405124099279e-4,0,0.0024019215372297837,0.004803843074459567,0.004803843074459567,0.01200960768614892,0,8.006405124099279e-4,0.012810248198558846,0.012810248198558846,0,0,0,8.006405124099279e-4,0.009607686148919135
Benin,2019-12-01,7,5,30,1,14,2,0,4,24,20,1,3,10,5,9,16,0,2,4,8,1032,11,6,6,0,17,14,1,1,0,5,6,1255,0.005577689243027889,0.00398406374501992,0.02390438247011952,7.968127490039841e-4,0.011155378486055778,0.0015936254980079682,0,0.0031872509960159364,0.019123505976095617,0.01593625498007968,7.968127490039841e-4,0.002390438247011952,0.00796812749003984,0.00398406374501992,0.007171314741035857,0.012749003984063745,0,0.0015936254980079682,0.0031872509960159364,0.006374501992031873,0.008764940239043825,0.004780876494023904,0.004780876494023904,0,0.013545816733067729,0.011155378486055778,7.968127490039841e-4,7.968127490039841e-4,0,0.00398406374501992,0.004780876494023904
Benin,2020-01-01,5,6,40,2,12,0,0,13,22,15,2,0,4,1,3,16,0,1,11,6,974,6,5,9,0,25,23,1,1,0,10,5,1208,0.0041390728476821195,0.004966887417218543,0.033112582781456956,0.0016556291390728477,0.009933774834437087,0,0,0.01076158940397351,0.018211920529801324,0.012417218543046357,0.0016556291390728477,0,0.0033112582781456954,8.278145695364238e-4,0.0024834437086092716,0.013245033112582781,0,8.278145695364238e-4,0.009105960264900662,0.004966887417218543,0.004966887417218543,0.0041390728476821195,0.0074503311258278145,0,0.020695364238410598,0.01903973509933775,8.278145695364238e-4,8.278145695364238e-4,0,0.008278145695364239,0.0041390728476821195
Benin,2020-02-01,0,1,46,4,10,0,0,18,19,11,0,3,7,1,3,3,0,0,6,10,943,17,6,7,0,16,27,2,0,0,0,4,1159,0,8.628127696289905e-4,0.03968938740293356,0.003451251078515962,0.008628127696289905,0,0,0.015530629853321829,0.01639344262295082,0.009490940465918895,0,0.0025884383088869713,0.0060396893874029335,8.628127696289905e-4,0.0025884383088869713,0.0025884383088869713,0,0,0.005176876617773943,0.008628127696289905,0.014667817083692839,0.005176876617773943,0.0060396893874029335,0,0.013805004314063849,0.023295944779982744,0.001725625539257981,0,0,0,0.003451251078515962
Benin,2020-03-01,3,0,55,6,4,1,0,122,17,3,12,0,8,4,1,6,0,2,3,4,884,7,11,3,0,15,10,0,1,2,2,4,1182,0.0025380710659898475,0,0.046531302876480544,0.005076142131979695,0.00338409475465313,8.460236886632825e-4,0,0.10321489001692047,0.014382402707275803,0.0025380710659898475,0.01015228426395939,0,0.00676818950930626,0.00338409475465313,8.460236886632825e-4,0.005076142131979695,0,0.001692047377326565,0.0025380710659898475,0.00338409475465313,0.005922165820642978,0.009306260575296108,0.0025380710659898475,0,0.012690355329949238,0.008460236886632826,0,8.460236886632825e-4,0.001692047377326565,0.001692047377326565,0.00338409475465313
Benin,2020-04-01,1,2,52,4,4,1,0,114,9,15,10,3,5,2,5,9,1,3,2,3,932,4,7,3,0,14,9,4,0,0,0,6,1218,8.210180623973727e-4,0.0016420361247947454,0.042692939244663386,0.003284072249589491,0.003284072249589491,8.210180623973727e-4,0,0.09359605911330049,0.007389162561576354,0.012315270935960592,0.008210180623973728,0.0024630541871921183,0.004105090311986864,0.0016420361247947454,0.004105090311986864,0.007389162561576354,8.210180623973727e-4,0.0024630541871921183,0.0016420361247947454,0.0024630541871921183,0.003284072249589491,0.005747126436781609,0.0024630541871921183,0,0.011494252873563218,0.007389162561576354,0.003284072249589491,0,0,0,0.0049261083743842365
Benin,2020-05-01,11,0,171,11,12,2,0,79,21,3,4,0,13,6,0,8,0,0,4,5,932,12,10,5,0,13,3,0,0,0,2,2,1315,0.008365019011406844,0,0.1300380228136882,0.008365019011406844,0.009125475285171103,0.001520912547528517,0,0.06007604562737642,0.01596958174904943,0.0022813688212927757,0.003041825095057034,0,0.00988593155893536,0.0045627376425855515,0,0.006083650190114068,0,0,0.003041825095057034,0.0038022813688212928,0.009125475285171103,0.0076045627376425855,0.0038022813688212928,0,0.00988593155893536,0.0022813688212927757,0,0,0,0.001520912547528517,0.001520912547528517
Benin,2020-06-01,2,0,50,14,8,3,0,85,29,44,1,1,10,10,7,3,0,1,2,3,911,9,8,1,0,27,11,0,0,0,4,8,1242,0.001610305958132045,0,0.040257648953301126,0.011272141706924315,0.00644122383252818,0.0024154589371980675,0,0.06843800322061191,0.023349436392914653,0.03542673107890499,8.051529790660225e-4,8.051529790660225e-4,0.008051529790660225,0.008051529790660225,0.005636070853462158,0.0024154589371980675,0,8.051529790660225e-4,0.001610305958132045,0.0024154589371980675,0.007246376811594203,0.00644122383252818,8.051529790660225e-4,0,0.021739130434782608,0.008856682769726247,0,0,0,0.00322061191626409,0.00644122383252818
Benin,2020-07-01,1,9,36,4,6,7,0,55,23,22,1,0,11,3,3,9,2,0,4,4,973,6,6,9,0,23,16,5,0,2,2,10,1237,8.084074373484236e-4,0.007275666936135812,0.02910266774454325,0.0032336297493936943,0.004850444624090542,0.005658852061438965,0,0.0444624090541633,0.018593371059013743,0.01778496362166532,8.084074373484236e-4,0,0.00889248181083266,0.002425222312045271,0.002425222312045271,0.007275666936135812,0.0016168148746968471,0,0.0032336297493936943,0.0032336297493936943,0.004850444624090542,0.004850444624090542,0.007275666936135812,0,0.018593371059013743,0.012934518997574777,0.004042037186742118,0,0.0016168148746968471,0.0016168148746968471,0.008084074373484237
Benin,2020-08-01,4,0,75,4,7,0,0,30,10,8,0,1,9,1,3,3,0,2,3,2,852,13,6,2,0,12,5,3,2,0,2,4,1056,0.003787878787878788,0,0.07102272727272728,0.003787878787878788,0.006628787878787879,0,0,0.028409090909090908,0.00946969696969697,0.007575757575757576,0,9.46969696969697e-4,0.008522727272727272,9.46969696969697e-4,0.002840909090909091,0.002840909090909091,0,0.001893939393939394,0.002840909090909091,0.001893939393939394,0.01231060606060606,0.005681818181818182,0.001893939393939394,0,0.011363636363636364,0.004734848484848485,0.002840909090909091,0.001893939393939394,0,0.001893939393939394,0.003787878787878788
Benin,2020-09-01,5,0,35,1,14,1,0,23,14,4,0,1,8,4,8,4,0,4,1,2,931,10,8,1,0,6,7,1,1,0,1,6,1095,0.0045662100456621,0,0.0319634703196347,9.132420091324201e-4,0.012785388127853882,9.132420091324201e-4,0,0.021004566210045664,0.012785388127853882,0.0036529680365296802,0,9.132420091324201e-4,0.0073059360730593605,0.0036529680365296802,0.0073059360730593605,0.0036529680365296802,0,0.0036529680365296802,9.132420091324201e-4,0.0018264840182648401,0.0091324200913242,0.0073059360730593605,9.132420091324201e-4,0,0.005479452054794521,0.006392694063926941,9.132420091324201e-4,9.132420091324201e-4,0,9.132420091324201e-4,0.005479452054794521
Benin,2020-10-01,1,2,58,6,20,1,0,15,7,3,2,0,5,4,9,9,0,1,3,3,937,11,8,4,0,11,20,2,0,3,8,3,1149,8.703220191470844e-4,0.0017406440382941688,0.050478677110530897,0.005221932114882507,0.017406440382941687,8.703220191470844e-4,0,0.013054830287206266,0.006092254134029591,0.0026109660574412533,0.0017406440382941688,0,0.004351610095735422,0.0034812880765883376,0.007832898172323759,0.007832898172323759,0,8.703220191470844e-4,0.0026109660574412533,0.0026109660574412533,0.009573542210617928,0.006962576153176675,0.0034812880765883376,0,0.009573542210617928,0.017406440382941687,0.0017406440382941688,0,0.0026109660574412533,0.006962576153176675,0.0026109660574412533
Benin,2020-11-01,1,1,38,9,6,0,0,12,12,15,0,0,7,3,14,5,0,1,3,3,827,15,6,1,0,11,13,1,0,0,5,2,1006,9.940357852882703e-4,9.940357852882703e-4,0.03777335984095427,0.008946322067594433,0.005964214711729622,0,0,0.011928429423459244,0.011928429423459244,0.014910536779324055,0,0,0.006958250497017893,0.002982107355864811,0.013916500994035786,0.004970178926441352,0,9.940357852882703e-4,0.002982107355864811,0.002982107355864811,0.014910536779324055,0.005964214711729622,9.940357852882703e-4,0,0.010934393638170975,0.012922465208747515,9.940357852882703e-4,0,0,0.004970178926441352,0.0019880715705765406
Benin,2020-12-01,4,0,43,8,10,2,0,12,22,7,2,3,8,2,2,2,0,0,1,2,877,11,5,2,0,9,17,0,0,1,2,1,1052,0.0038022813688212928,0,0.0408745247148289,0.0076045627376425855,0.009505703422053232,0.0019011406844106464,0,0.011406844106463879,0.02091254752851711,0.006653992395437262,0.0019011406844106464,0.0028517110266159697,0.0076045627376425855,0.0019011406844106464,0.0019011406844106464,0.0019011406844106464,0,0,9.505703422053232e-4,0.0019011406844106464,0.010456273764258554,0.004752851711026616,0.0019011406844106464,0,0.008555133079847909,0.016159695817490494,0,0,9.505703422053232e-4,0.0019011406844106464,9.505703422053232e-4
Benin,2021-01-01,1,2,80,2,14,0,0,16,16,12,0,2,2,7,1,5,0,1,0,0,834,14,7,1,0,6,10,0,1,1,1,1,1036,9.652509652509653e-4,0.0019305019305019305,0.07722007722007722,0.0019305019305019305,0.013513513513513514,0,0,0.015444015444015444,0.015444015444015444,0.011583011583011582,0,0.0019305019305019305,0.0019305019305019305,0.006756756756756757,9.652509652509653e-4,0.004826254826254826,0,9.652509652509653e-4,0,0,0.013513513513513514,0.006756756756756757,9.652509652509653e-4,0,0.005791505791505791,0.009652509652509652,0,9.652509652509653e-4,9.652509652509653e-4,9.652509652509653e-4,9.652509652509653e-4
Benin,2021-02-01,2,0,101,8,7,2,0,19,36,3,0,1,15,2,2,4,0,4,1,13,798,11,4,2,0,12,8,2,0,2,1,6,1056,0.001893939393939394,0,0.09564393939393939,0.007575757575757576,0.006628787878787879,0.001893939393939394,0,0.017992424242424244,0.03409090909090909,0.002840909090909091,0,9.46969696969697e-4,0.014204545454545454,0.001893939393939394,0.001893939393939394,0.003787878787878788,0,0.003787878787878788,9.46969696969697e-4,0.01231060606060606,0.010416666666666666,0.003787878787878788,0.001893939393939394,0,0.011363636363636364,0.007575757575757576,0.001893939393939394,0,0.001893939393939394,9.46969696969697e-4,0.005681818181818182
Benin,2021-03-01,17,1,88,1,13,0,4,23,28,3,0,1,13,5,1,4,1,2,1,2,1003,20,15,11,0,20,6,3,0,1,4,7,1275,0.013333333333333334,7.84313725490196e-4,0.06901960784313725,7.84313725490196e-4,0.01019607843137255,0,0.003137254901960784,0.01803921568627451,0.02196078431372549,0.002352941176470588,0,7.84313725490196e-4,0.01019607843137255,0.00392156862745098,7.84313725490196e-4,0.003137254901960784,7.84313725490196e-4,0.001568627450980392,7.84313725490196e-4,0.001568627450980392,0.01568627450980392,0.011764705882352941,0.008627450980392156,0,0.01568627450980392,0.004705882352941176,0.002352941176470588,0,7.84313725490196e-4,0.003137254901960784,0.005490196078431373
Benin,2021-04-01,22,1,219,23,11,9,0,17,16,3,2,4,4,5,26,7,0,2,11,24,913,13,7,5,0,12,3,1,0,1,1,6,1361,0.016164584864070537,7.347538574577516e-4,0.1609110947832476,0.01689933872152829,0.008082292432035268,0.006612784717119765,0,0.012490815576781777,0.011756061719324026,0.002204261572373255,0.0014695077149155032,0.0029390154298310064,0.0029390154298310064,0.0036737692872887582,0.019103600293901544,0.005143277002204262,0,0.0014695077149155032,0.008082292432035268,0.01763409257898604,0.009551800146950772,0.005143277002204262,0.0036737692872887582,0,0.00881704628949302,0.002204261572373255,7.347538574577516e-4,0,7.347538574577516e-4,7.347538574577516e-4,0.00440852314474651
Benin,2021-05-01,4,0,29,0,3,1,0,12,14,9,2,4,2,4,3,19,0,1,1,7,960,6,9,1,0,4,5,1,1,0,3,5,1107,0.0036133694670280035,0,0.026196928635953028,0,0.0027100271002710027,9.033423667570009e-4,0,0.01084010840108401,0.012646793134598013,0.008130081300813009,0.0018066847335140017,0.0036133694670280035,0.0018066847335140017,0.0036133694670280035,0.0027100271002710027,0.017163504968383016,0,9.033423667570009e-4,9.033423667570009e-4,0.006323396567299007,0.005420054200542005,0.008130081300813009,9.033423667570009e-4,0,0.0036133694670280035,0.004516711833785004,9.033423667570009e-4,9.033423667570009e-4,0,0.0027100271002710027,0.004516711833785004
Benin,2021-06-01,3,0,23,1,18,1,0,32,29,0,0,3,4,5,4,5,0,0,2,1,974,12,11,4,0,30,18,1,0,0,4,10,1187,0.002527379949452401,0,0.019376579612468407,8.424599831508003e-4,0.015164279696714406,8.424599831508003e-4,0,0.02695871946082561,0.02443133951137321,0,0,0.002527379949452401,0.003369839932603201,0.004212299915754001,0.003369839932603201,0.004212299915754001,0,0,0.0016849199663016006,8.424599831508003e-4,0.010109519797809604,0.009267059814658803,0.003369839932603201,0,0.02527379949452401,0.015164279696714406,8.424599831508003e-4,0,0,0.003369839932603201,0.008424599831508003
Benin,2021-07-01,8,0,17,4,5,1,0,62,45,6,5,6,19,3,8,13,1,2,2,2,970,16,9,14,0,29,20,2,0,2,1,1,1246,0.006420545746388443,0,0.013643659711075442,0.0032102728731942215,0.0040128410914927765,8.025682182985554e-4,0,0.04975922953451043,0.036115569823434994,0.004815409309791332,0.0040128410914927765,0.004815409309791332,0.015248796147672551,0.002407704654895666,0.006420545746388443,0.01043338683788122,8.025682182985554e-4,0.0016051364365971107,0.0016051364365971107,0.0016051364365971107,0.012841091492776886,0.0072231139646869984,0.011235955056179775,0,0.023274478330658106,0.016051364365971106,0.0016051364365971107,0,0.0016051364365971107,8.025682182985554e-4,8.025682182985554e-4
Benin,2021-08-01,9,3,5,1,11,0,0,42,23,2,2,4,13,5,2,7,0,1,1,3,823,16,9,5,0,22,9,1,1,1,2,3,1010,0.00891089108910891,0.0029702970297029703,0.0049504950495049506,9.900990099009901e-4,0.01089108910891089,0,0,0.041584158415841586,0.02277227722772277,0.0019801980198019802,0.0019801980198019802,0.0039603960396039604,0.01287128712871287,0.0049504950495049506,0.0019801980198019802,0.006930693069306931,0,9.900990099009901e-4,9.900990099009901e-4,0.0029702970297029703,0.015841584158415842,0.00891089108910891,0.0049504950495049506,0,0.02178217821782178,0.00891089108910891,9.900990099009901e-4,9.900990099009901e-4,9.900990099009901e-4,0.0019801980198019802,0.0029702970297029703
Benin,2021-09-01,1,1,18,0,13,2,0,21,15,10,0,1,4,1,4,4,0,6,6,2,827,21,13,2,0,19,15,3,2,2,1,4,1014,9.861932938856016e-4,9.861932938856016e-4,0.01775147928994083,0,0.01282051282051282,0.0019723865877712033,0,0.020710059171597635,0.014792899408284023,0.009861932938856016,0,9.861932938856016e-4,0.0039447731755424065,9.861932938856016e-4,0.0039447731755424065,0.0039447731755424065,0,0.005917159763313609,0.005917159763313609,0.0019723865877712033,0.020710059171597635,0.01282051282051282,0.0019723865877712033,0,0.01873767258382643,0.014792899408284023,0.0029585798816568047,0.0019723865877712033,0.0019723865877712033,9.861932938856016e-4,0.0039447731755424065
Benin,2021-10-01,6,2,22,1,7,0,0,17,15,30,1,0,7,2,0,7,0,0,1,0,823,35,14,5,0,25,35,1,0,1,2,7,1057,0.005676442762535478,0.001892147587511826,0.020813623462630087,9.46073793755913e-4,0.006622516556291391,0,0,0.01608325449385052,0.014191106906338695,0.02838221381267739,9.46073793755913e-4,0,0.006622516556291391,0.001892147587511826,0,0.006622516556291391,0,0,9.46073793755913e-4,0,0.033112582781456956,0.013245033112582781,0.004730368968779565,0,0.023651844843897825,0.033112582781456956,9.46073793755913e-4,0,9.46073793755913e-4,0.001892147587511826,0.006622516556291391
Benin,2021-11-01,10,0,12,0,8,2,1,21,10,9,4,3,3,3,7,2,0,2,3,4,938,31,7,6,1,21,17,2,0,1,2,4,1124,0.008896797153024912,0,0.010676156583629894,0,0.0071174377224199285,0.0017793594306049821,8.896797153024911e-4,0.018683274021352312,0.008896797153024912,0.00800711743772242,0.0035587188612099642,0.0026690391459074734,0.0026690391459074734,0.0026690391459074734,0.006227758007117438,0.0017793594306049821,0,0.0017793594306049821,0.0026690391459074734,0.0035587188612099642,0.027580071174377226,0.006227758007117438,0.005338078291814947,8.896797153024911e-4,0.018683274021352312,0.015124555160142349,0.0017793594306049821,0,8.896797153024911e-4,0.0017793594306049821,0.0035587188612099642
Benin,2021-12-01,11,0,16,1,4,2,1,11,43,6,2,4,20,2,9,6,0,2,9,13,860,23,13,11,0,32,17,0,1,1,3,7,1105,0.009954751131221719,0,0.014479638009049774,9.049773755656109e-4,0.0036199095022624436,0.0018099547511312218,9.049773755656109e-4,0.009954751131221719,0.03891402714932127,0.005429864253393665,0.0018099547511312218,0.0036199095022624436,0.01809954751131222,0.0018099547511312218,0.008144796380090498,0.005429864253393665,0,0.0018099547511312218,0.008144796380090498,0.011764705882352941,0.02081447963800905,0.011764705882352941,0.009954751131221719,0,0.02895927601809955,0.015384615384615385,0,9.049773755656109e-4,9.049773755656109e-4,0.0027149321266968325,0.006334841628959276
Benin,2022-01-01,2,1,23,1,6,3,0,24,7,9,4,4,10,0,6,4,0,0,5,2,733,23,10,2,1,13,24,2,0,0,2,9,926,0.0021598272138228943,0.0010799136069114472,0.024838012958963283,0.0010799136069114472,0.0064794816414686825,0.0032397408207343412,0,0.02591792656587473,0.00755939524838013,0.009719222462203024,0.004319654427645789,0.004319654427645789,0.01079913606911447,0,0.0064794816414686825,0.004319654427645789,0,0,0.005399568034557235,0.0021598272138228943,0.024838012958963283,0.01079913606911447,0.0021598272138228943,0.0010799136069114472,0.014038876889848811,0.02591792656587473,0.0021598272138228943,0,0,0.0021598272138228943,0.009719222462203024
Benin,2022-02-01,1,0,16,3,11,2,0,15,15,7,0,2,8,2,9,2,1,1,29,19,712,18,12,3,0,9,6,2,1,1,5,9,916,0.001091703056768559,0,0.017467248908296942,0.0032751091703056767,0.012008733624454149,0.002183406113537118,0,0.016375545851528384,0.016375545851528384,0.007641921397379912,0,0.002183406113537118,0.008733624454148471,0.002183406113537118,0.009825327510917031,0.002183406113537118,0.001091703056768559,0.001091703056768559,0.03165938864628821,0.02074235807860262,0.019650655021834062,0.013100436681222707,0.0032751091703056767,0,0.009825327510917031,0.006550218340611353,0.002183406113537118,0.001091703056768559,0.001091703056768559,0.0054585152838427945,0.009825327510917031
Benin,2022-03-01,9,0,25,1,10,3,0,18,9,4,2,1,3,4,4,2,0,0,2,0,759,28,20,5,0,18,19,0,1,2,4,5,953,0.00944386149003148,0,0.026232948583420776,0.001049317943336831,0.01049317943336831,0.0031479538300104933,0,0.01888772298006296,0.00944386149003148,0.004197271773347324,0.002098635886673662,0.001049317943336831,0.0031479538300104933,0.004197271773347324,0.004197271773347324,0.002098635886673662,0,0,0.002098635886673662,0,0.02938090241343127,0.02098635886673662,0.005246589716684155,0,0.01888772298006296,0.01993704092339979,0,0.001049317943336831,0.002098635886673662,0.004197271773347324,0.005246589716684155
Benin,2022-04-01,7,0,23,2,13,0,0,16,12,6,0,0,2,6,6,6,0,1,16,4,679,15,20,4,0,15,8,0,0,0,3,5,864,0.008101851851851851,0,0.02662037037037037,0.0023148148148148147,0.015046296296296295,0,0,0.018518518518518517,0.013888888888888888,0.006944444444444444,0,0,0.0023148148148148147,0.006944444444444444,0.006944444444444444,0.006944444444444444,0,0.0011574074074074073,0.018518518518518517,0.004629629629629629,0.017361111111111112,0.023148148148148147,0.004629629629629629,0,0.017361111111111112,0.009259259259259259,0,0,0,0.003472222222222222,0.005787037037037037
Benin,2022-05-01,4,1,22,1,17,1,0,7,10,6,0,7,3,2,5,3,0,0,8,5,647,17,14,7,1,18,10,1,0,1,0,7,818,0.004889975550122249,0.0012224938875305623,0.02689486552567237,0.0012224938875305623,0.02078239608801956,0.0012224938875305623,0,0.008557457212713936,0.012224938875305624,0.007334963325183374,0,0.008557457212713936,0.003667481662591687,0.0024449877750611247,0.006112469437652812,0.003667481662591687,0,0,0.009779951100244499,0.006112469437652812,0.02078239608801956,0.017114914425427872,0.008557457212713936,0.0012224938875305623,0.022004889975550123,0.012224938875305624,0.0012224938875305623,0,0.0012224938875305623,0,0.008557457212713936
Benin,2022-06-01,10,1,21,0,17,1,0,12,17,17,5,1,6,1,1,9,0,0,7,5,782,15,18,3,1,20,15,1,1,0,3,4,986,0.010141987829614604,0.0010141987829614604,0.02129817444219067,0,0.017241379310344827,0.0010141987829614604,0,0.012170385395537525,0.017241379310344827,0.017241379310344827,0.005070993914807302,0.0010141987829614604,0.006085192697768763,0.0010141987829614604,0.0010141987829614604,0.009127789046653144,0,0,0.007099391480730223,0.005070993914807302,0.015212981744421906,0.018255578093306288,0.0030425963488843813,0.0010141987829614604,0.02028397565922921,0.015212981744421906,0.0010141987829614604,0.0010141987829614604,0,0.0030425963488843813,0.004056795131845842
Benin,2022-07-01,3,0,19,2,17,0,0,10,18,5,1,0,5,0,3,21,0,3,7,8,850,18,12,6,0,24,11,1,0,0,5,7,1048,0.0028625954198473282,0,0.01812977099236641,0.0019083969465648854,0.016221374045801526,0,0,0.009541984732824428,0.01717557251908397,0.004770992366412214,9.541984732824427e-4,0,0.004770992366412214,0,0.0028625954198473282,0.020038167938931296,0,0.0028625954198473282,0.006679389312977099,0.007633587786259542,0.01717557251908397,0.011450381679389313,0.0057251908396946565,0,0.022900763358778626,0.01049618320610687,9.541984732824427e-4,0,0,0.004770992366412214,0.006679389312977099
Benin,2022-08-01,2,0,23,4,14,0,0,24,21,3,0,3,7,5,2,5,0,1,0,3,804,16,10,2,0,14,3,0,1,0,4,5,967,0.002068252326783868,0,0.023784901758014478,0.004136504653567736,0.014477766287487074,0,0,0.02481902792140641,0.02171664943123061,0.0031023784901758012,0,0.0031023784901758012,0.007238883143743537,0.005170630816959669,0.002068252326783868,0.005170630816959669,0,0.001034126163391934,0,0.0031023784901758012,0.016546018614270942,0.010341261633919338,0.002068252326783868,0,0.014477766287487074,0.0031023784901758012,0,0.001034126163391934,0,0.004136504653567736,0.005170630816959669
Benin,2022-09-01,2,0,26,2,14,2,0,14,9,6,0,2,4,1,1,8,0,1,4,8,743,13,14,0,0,10,8,1,1,1,4,4,901,0.0022197558268590455,0,0.02885682574916759,0.0022197558268590455,0.01553829078801332,0.0022197558268590455,0,0.01553829078801332,0.009988901220865706,0.006659267480577136,0,0.0022197558268590455,0.004439511653718091,0.0011098779134295228,0.0011098779134295228,0.008879023307436182,0,0.0011098779134295228,0.004439511653718091,0.008879023307436182,0.014428412874583796,0.01553829078801332,0,0,0.011098779134295227,0.008879023307436182,0.0011098779134295228,0.0011098779134295228,0.0011098779134295228,0.004439511653718091,0.004439511653718091
Benin,2022-10-01,4,0,49,3,10,0,0,11,5,19,1,0,4,2,3,5,0,0,5,8,709,20,9,3,0,14,10,0,1,1,7,6,904,0.004424778761061947,0,0.05420353982300885,0.00331858407079646,0.011061946902654867,0,0,0.012168141592920354,0.0055309734513274336,0.02101769911504425,0.0011061946902654867,0,0.004424778761061947,0.0022123893805309734,0.00331858407079646,0.0055309734513274336,0,0,0.0055309734513274336,0.008849557522123894,0.022123893805309734,0.00995575221238938,0.00331858407079646,0,0.015486725663716814,0.011061946902654867,0,0.0011061946902654867,0.0011061946902654867,0.007743362831858407,0.00663716814159292
Benin,2022-11-01,5,0,74,2,12,1,0,7,7,12,1,4,2,2,0,1,1,2,1,2,648,15,9,3,0,14,17,0,1,0,2,5,845,0.005917159763313609,0,0.08757396449704143,0.002366863905325444,0.014201183431952662,0.001183431952662722,0,0.008284023668639054,0.008284023668639054,0.014201183431952662,0.001183431952662722,0.004733727810650888,0.002366863905325444,0.002366863905325444,0,0.001183431952662722,0.001183431952662722,0.002366863905325444,0.001183431952662722,0.002366863905325444,0.01775147928994083,0.010650887573964497,0.0035502958579881655,0,0.016568047337278107,0.020118343195266272,0,0.001183431952662722,0,0.002366863905325444,0.005917159763313609
Benin,2022-12-01,6,1,72,0,15,1,0,0,8,8,0,2,3,0,2,2,0,0,1,6,605,9,12,1,0,17,10,1,1,0,4,1,787,0.007623888182973317,0.0012706480304955528,0.09148665819567979,0,0.01905972045743329,0.0012706480304955528,0,0,0.010165184243964422,0.010165184243964422,0,0.0025412960609911056,0.0038119440914866584,0,0.0025412960609911056,0.0025412960609911056,0,0,0.0012706480304955528,0.007623888182973317,0.011435832274459974,0.015247776365946633,0.0012706480304955528,0,0.021601016518424398,0.012706480304955527,0.0012706480304955528,0.0012706480304955528,0,0.005082592121982211,0.0012706480304955528
Benin,2023-01-01,3,1,141,17,6,3,0,7,16,12,1,5,2,1,3,6,0,2,2,2,636,13,8,1,0,10,6,0,1,0,2,7,912,0.003289473684210526,0.0010964912280701754,0.15460526315789475,0.01864035087719298,0.006578947368421052,0.003289473684210526,0,0.007675438596491228,0.017543859649122806,0.013157894736842105,0.0010964912280701754,0.005482456140350877,0.0021929824561403508,0.0010964912280701754,0.003289473684210526,0.006578947368421052,0,0.0021929824561403508,0.0021929824561403508,0.0021929824561403508,0.01425438596491228,0.008771929824561403,0.0010964912280701754,0,0.010964912280701754,0.006578947368421052,0,0.0010964912280701754,0,0.0021929824561403508,0.007675438596491228
Benin,2023-02-01,6,0,25,1,4,0,0,24,12,4,5,1,5,0,2,14,0,0,2,3,609,22,10,7,0,11,3,0,0,1,3,5,769,0.007802340702210663,0,0.032509752925877766,0.0013003901170351106,0.005201560468140442,0,0,0.031209362808842653,0.015604681404421327,0.005201560468140442,0.006501950585175552,0.0013003901170351106,0.006501950585175552,0,0.002600780234070221,0.018205461638491547,0,0,0.002600780234070221,0.0039011703511053317,0.02860858257477243,0.013003901170351105,0.0091027308192457735,0,0.014304291287386216,0.0039011703511053317,0,0,0.0013003901170351106,0.0039011703511053317,0.006501950585175552
Benin,2023-03-01,3,2,18,1,9,0,0,13,8,10,1,0,3,5,3,5,0,0,1,1,714,26,14,10,0,16,2,1,1,1,0,2,859,0.0034924330616996507,0.002328288707799767,0.020954598370197905,0.0011641443538998836,0.010477299185098952,0,0,0.015133876600698487,0.009313154831199068,0.011641443538998836,0.0011641443538998836,0,0.0034924330616996507,0.005820721769499418,0.0034924330616996507,0.005820721769499418,0,0,0.0011641443538998836,0.0011641443538998836,0.030267753201396973,0.01629802095459837,0.011641443538998836,0,0.018626309662398137,0.002328288707799767,0.0011641443538998836,0.0011641443538998836,0.0011641443538998836,0,0.002328288707799767
Benin,2023-04-01,1,2,11,1,9,0,0,4,10,12,0,2,3,0,0,24,0,3,4,1,549,19,11,4,0,12,6,2,0,4,4,7,698,0.0014326647564469914,0.0028653295128939827,0.015759312320916905,0.0014326647564469914,0.012893982808022923,0,0,0.0057306590257879654,0.014326647564469915,0.017191977077363897,0,0.0028653295128939827,0.004297994269340974,0,0,0.034383954154727794,0,0.004297994269340974,0.0057306590257879654,0.0014326647564469914,0.027220630372492838,0.015759312320916905,0.0057306590257879654,0,0.017191977077363897,0.008595988538681949,0.0028653295128939827,0,0.0057306590257879654,0.0057306590257879654,0.01002865329512894
Benin,2023-05-01,4,0,10,5,14,2,0,16,14,4,0,1,7,1,4,7,1,1,13,4,552,7,14,6,1,18,4,0,0,0,8,6,716,0.00558659217877095,0,0.013966480446927373,0.006983240223463687,0.019553072625698324,0.002793296089385475,0,0.0223463687150838,0.019553072625698324,0.00558659217877095,0,0.0013966480446927375,0.009776536312849162,0.0013966480446927375,0.00558659217877095,0.009776536312849162,0.0013966480446927375,0.0013966480446927375,0.018156424581005588,0.00558659217877095,0.009776536312849162,0.019553072625698324,0.008379888268156424,0.0013966480446927375,0.025139664804469275,0.00558659217877095,0,0,0,0.0111731843575419,0.008379888268156424
Benin,2023-06-01,3,1,16,1,4,0,0,13,13,2,1,4,5,0,3,3,0,2,2,0,523,27,10,6,0,26,10,1,0,1,1,7,676,0.004437869822485207,0.0014792899408284023,0.023668639053254437,0.0014792899408284023,0.005917159763313609,0,0,0.019230769230769232,0.019230769230769232,0.0029585798816568047,0.0014792899408284023,0.005917159763313609,0.0073964497041420114,0,0.004437869822485207,0.004437869822485207,0,0.0029585798816568047,0.0029585798816568047,0,0.03994082840236687,0.014792899408284023,0.008875739644970414,0,0.038461538461538464,0.014792899408284023,0.0014792899408284023,0,0.0014792899408284023,0.0014792899408284023,0.010355029585798817
Benin,2023-07-01,2,0,7,1,8,6,0,4,16,2,0,1,10,1,2,4,0,0,0,0,522,19,12,7,0,12,5,0,0,0,2,2,635,0.0031496062992125984,0,0.011023622047244094,0.0015748031496062992,0.012598425196850394,0.009448818897637795,0,0.006299212598425197,0.025196850393700787,0.0031496062992125984,0,0.0015748031496062992,0.015748031496062992,0.0015748031496062992,0.0031496062992125984,0.006299212598425197,0,0,0,0,0.029921259842519685,0.01889763779527559,0.011023622047244094,0,0.01889763779527559,0.007874015748031496,0,0,0,0.0031496062992125984,0.0031496062992125984
Benin,2023-08-01,2,1,6,1,9,9,0,5,13,1,0,6,4,1,0,4,0,1,1,0,461,9,2,5,0,12,3,0,0,0,10,4,561,0.0035650623885918,0.0017825311942959,0.0106951871657754,0.0017825311942959,0.016042780748663103,0.016042780748663103,0,0.008912655971479501,0.023172905525846704,0.0017825311942959,0,0.0106951871657754,0.0071301247771836,0.0017825311942959,0,0.0071301247771836,0,0.0017825311942959,0.0017825311942959,0,0.016042780748663103,0.0035650623885918,0.008912655971479501,0,0.0213903743315508,0.0053475935828877,0,0,0,0.017825311942959002,0.0071301247771836
Benin,2023-09-01,7,0,5,0,10,2,1,22,8,2,1,4,4,0,5,4,0,1,0,0,454,21,14,3,0,12,11,0,1,1,1,1,589,0.011884550084889643,0,0.008488964346349746,0,0.01697792869269949,0.003395585738539898,0.001697792869269949,0.03735144312393888,0.013582342954159592,0.003395585738539898,0.001697792869269949,0.006791171477079796,0.006791171477079796,0,0.008488964346349746,0.006791171477079796,0,0.001697792869269949,0,0,0.035653650254668934,0.023769100169779286,0.0050933786078098476,0,0.02037351443123939,0.01867572156196944,0,0.001697792869269949,0.001697792869269949,0.001697792869269949,0.001697792869269949
Benin,2023-10-01,4,2,13,1,12,2,0,5,18,0,0,1,10,1,2,5,0,1,0,6,563,10,13,4,0,14,6,4,2,0,3,5,696,0.005747126436781609,0.0028735632183908046,0.01867816091954023,0.0014367816091954023,0.017241379310344827,0.0028735632183908046,0,0.007183908045977011,0.02586206896551724,0,0,0.0014367816091954023,0.014367816091954023,0.0014367816091954023,0.0028735632183908046,0.007183908045977011,0,0.0014367816091954023,0,0.008620689655172414,0.014367816091954023,0.01867816091954023,0.005747126436781609,0,0.020114942528735632,0.008620689655172414,0.005747126436781609,0.0028735632183908046,0,0.004310344827586207,0.007183908045977011
Benin,2023-11-01,1,0,14,1,16,1,0,8,9,7,1,3,5,1,1,1,2,1,1,3,545,10,16,8,0,20,20,1,1,1,1,3,691,0.001447178002894356,0,0.020260492040520984,0.001447178002894356,0.023154848046309694,0.001447178002894356,0,0.011577424023154847,0.013024602026049204,0.010130246020260492,0.001447178002894356,0.004341534008683068,0.00723589001447178,0.001447178002894356,0.001447178002894356,0.001447178002894356,0.002894356005788712,0.001447178002894356,0.001447178002894356,0.004341534008683068,0.01447178002894356,0.023154848046309694,0.011577424023154847,0,0.02894356005788712,0.02894356005788712,0.001447178002894356,0.001447178002894356,0.001447178002894356,0.001447178002894356,0.004341534008683068
Benin,2023-12-01,4,0,10,0,7,2,0,4,9,9,0,2,6,8,2,3,0,2,5,2,491,16,10,9,0,21,8,0,0,0,1,2,620,0.0064516129032258064,0,0.016129032258064516,0,0.01129032258064516,0.0032258064516129032,0,0.0064516129032258064,0.014516129032258065,0.014516129032258065,0,0.0032258064516129032,0.00967741935483871,0.012903225806451613,0.0032258064516129032,0.004838709677419355,0,0.0032258064516129032,0.008064516129032258,0.0032258064516129032,0.025806451612903226,0.016129032258064516,0.014516129032258065,0,0.03387096774193549,0.012903225806451613,0,0,0,0.0016129032258064516,0.0032258064516129032
Benin,2024-01-01,2,0,5,1,17,0,0,11,10,62,1,1,3,0,0,4,0,0,3,2,417,10,6,0,0,11,5,1,0,0,1,3,573,0.0034904013961605585,0,0.008726003490401396,0.0017452006980802793,0.029668411867364748,0,0,0.019197207678883072,0.017452006980802792,0.1082024432809773,0.0017452006980802793,0.0017452006980802793,0.005235602094240838,0,0,0.006980802792321117,0,0,0.005235602094240838,0.0034904013961605585,0.017452006980802792,0.010471204188481676,0,0,0.019197207678883072,0.008726003490401396,0.0017452006980802793,0,0,0.0017452006980802793,0.005235602094240838
Benin,2024-02-01,2,1,10,3,9,1,1,10,12,59,2,6,2,2,2,4,0,1,2,0,349,10,17,5,0,19,3,3,0,1,2,1,532,0.0037593984962406013,0.0018796992481203006,0.018796992481203006,0.005639097744360902,0.016917293233082706,0.0018796992481203006,0.0018796992481203006,0.018796992481203006,0.022556390977443608,0.11090225563909774,0.0037593984962406013,0.011278195488721804,0.0037593984962406013,0.0037593984962406013,0.0037593984962406013,0.007518796992481203,0,0.0018796992481203006,0.0037593984962406013,0,0.018796992481203006,0.03195488721804511,0.009398496240601503,0,0.03571428571428571,0.005639097744360902,0.005639097744360902,0,0.0018796992481203006,0.0037593984962406013,0.0018796992481203006
Benin,2024-03-01,0,0,25,23,7,0,0,8,7,66,1,1,1,3,4,2,0,0,1,2,373,10,14,6,0,8,2,0,0,1,2,5,567,0,0,0.04409171075837742,0.04056437389770723,0.012345679012345678,0,0,0.014109347442680775,0.012345679012345678,0.1164021164021164,0.001763668430335097,0.001763668430335097,0.001763668430335097,0.005291005291005291,0.007054673721340388,0.003527336860670194,0,0,0.001763668430335097,0.003527336860670194,0.01763668430335097,0.024691358024691357,0.010582010582010581,0,0.014109347442680775,0.003527336860670194,0,0,0.001763668430335097,0.003527336860670194,0.008818342151675485
Benin,2024-04-01,4,0,9,5,16,3,0,6,14,8,0,4,3,1,21,6,0,0,3,4,355,18,9,4,0,10,3,4,1,0,5,3,513,0.007797270955165692,0,0.017543859649122806,0.009746588693957114,0.031189083820662766,0.005847953216374269,0,0.011695906432748537,0.02729044834307992,0.015594541910331383,0,0.007797270955165692,0.005847953216374269,0.001949317738791423,0.04093567251461988,0.011695906432748537,0,0,0.005847953216374269,0.007797270955165692,0.03508771929824561,0.017543859649122806,0.007797270955165692,0,0.01949317738791423,0.005847953216374269,0.007797270955165692,0.001949317738791423,0,0.009746588693957114,0.005847953216374269
Benin,2024-05-01,9,0,8,1,11,4,0,6,20,4,1,3,3,0,24,5,0,3,2,1,437,26,14,1,0,10,11,1,2,0,5,6,614,0.014657980456026058,0,0.013029315960912053,0.0016286644951140066,0.017915309446254073,0.006514657980456026,0,0.009771986970684038,0.03257328990228013,0.006514657980456026,0.0016286644951140066,0.004885993485342019,0.004885993485342019,0,0.03908794788273615,0.008143322475570033,0,0.004885993485342019,0.003257328990228013,0.0016286644951140066,0.04234527687296417,0.02280130293159609,0.0016286644951140066,0,0.016286644951140065,0.017915309446254073,0.0016286644951140066,0.003257328990228013,0,0.008143322475570033,0.009771986970684038
Benin,2024-06-01,12,0,5,3,11,1,0,4,11,6,0,1,3,3,1,2,0,1,8,4,326,15,8,3,0,9,4,1,0,1,2,0,439,0.02733485193621868,0,0.011389521640091117,0.00683371298405467,0.025056947608200455,0.002277904328018223,0,0.009111617312072893,0.025056947608200455,0.01366742596810934,0,0.002277904328018223,0.00683371298405467,0.00683371298405467,0.002277904328018223,0.004555808656036446,0,0.002277904328018223,0.018223234624145785,0.009111617312072893,0.03416856492027335,0.018223234624145785,0.00683371298405467,0,0.02050113895216401,0.009111617312072893,0.002277904328018223,0,0.002277904328018223,0.004555808656036446,0
Benin,2024-07-01,1,1,4,0,12,1,0,10,8,1,0,1,9,2,1,1,0,0,5,3,309,20,2,5,0,8,4,1,0,1,2,2,404,0.0024752475247524753,0.0024752475247524753,0.009900990099009901,0,0.0297029702970297,0.0024752475247524753,0,0.024752475247524754,0.019801980198019802,0.0024752475247524753,0,0.0024752475247524753,0.022277227722772276,0.0049504950495049506,0.0024752475247524753,0.0024752475247524753,0,0,0.012376237623762377,0.007425742574257425,0.04950495049504951,0.0049504950495049506,0.012376237623762377,0,0.019801980198019802,0.009900990099009901,0.0024752475247524753,0,0.0024752475247524753,0.0049504950495049506,0.0049504950495049506
Benin,2024-08-01,6,0,2,2,5,0,0,12,14,2,1,2,6,1,1,1,0,0,5,0,266,15,5,1,0,4,5,0,0,0,2,1,355,0.016901408450704224,0,0.005633802816901409,0.005633802816901409,0.014084507042253521,0,0,0.03380281690140845,0.03943661971830986,0.005633802816901409,0.0028169014084507044,0.005633802816901409,0.016901408450704224,0.0028169014084507044,0.0028169014084507044,0.0028169014084507044,0,0,0.014084507042253521,0,0.04225352112676056,0.014084507042253521,0.0028169014084507044,0,0.011267605633802818,0.014084507042253521,0,0,0,0.005633802816901409,0.0028169014084507044
Benin,2024-09-01,16,0,2,2,7,9,0,4,2,6,0,1,2,2,1,1,0,0,3,1,274,18,5,1,0,6,8,2,2,0,1,2,375,0.042666666666666665,0,0.005333333333333333,0.005333333333333333,0.018666666666666668,0.024,0,0.010666666666666666,0.005333333333333333,0.016,0,0.0026666666666666666,0.005333333333333333,0.005333333333333333,0.0026666666666666666,0.0026666666666666666,0,0,0.008,0.0026666666666666666,0.048,0.013333333333333334,0.0026666666666666666,0,0.016,0.021333333333333333,0.005333333333333333,0.005333333333333333,0,0.0026666666666666666,0.005333333333333333
Benin,2024-10-01,6,5,13,2,18,8,2,5,30,2,0,1,2,1,2,3,0,1,3,0,392,18,9,5,0,15,8,1,0,0,2,3,549,0.01092896174863388,0.009107468123861567,0.023679417122040074,0.0036429872495446266,0.03278688524590164,0.014571948998178506,0.0036429872495446266,0.009107468123861567,0.0546448087431694,0.0036429872495446266,0,0.0018214936247723133,0.0036429872495446266,0.0018214936247723133,0.0036429872495446266,0.00546448087431694,0,0.0018214936247723133,0.00546448087431694,0,0.03278688524590164,0.01639344262295082,0.009107468123861567,0,0.0273224043715847,0.014571948998178506,0.0018214936247723133,0,0,0.0036429872495446266,0.00546448087431694
Benin,2024-11-01,10,0,13,3,19,4,0,4,25,4,0,3,9,3,0,0,0,3,0,2,421,18,11,4,0,15,18,1,0,3,2,2,584,0.017123287671232876,0,0.02226027397260274,0.005136986301369863,0.032534246575342464,0.00684931506849315,0,0.00684931506849315,0.04280821917808219,0.00684931506849315,0,0.005136986301369863,0.015410958904109588,0.005136986301369863,0,0,0,0.005136986301369863,0,0.003424657534246575,0.030821917808219176,0.018835616438356163,0.00684931506849315,0,0.025684931506849314,0.030821917808219176,0.0017123287671232876,0,0.005136986301369863,0.003424657534246575,0.003424657534246575
Benin,2024-12-01,7,0,9,1,20,2,0,3,22,2,1,2,7,1,1,4,0,1,7,4,375,10,11,2,0,10,14,2,1,0,6,4,522,0.013409961685823755,0,0.017241379310344827,0.0019157088122605363,0.038314176245210725,0.0038314176245210726,0,0.005747126436781609,0.0421455938697318,0.0038314176245210726,0.0019157088122605363,0.0038314176245210726,0.013409961685823755,0.0019157088122605363,0.0019157088122605363,0.007662835249042145,0,0.0019157088122605363,0.013409961685823755,0.007662835249042145,0.019157088122605363,0.0210727969348659,0.0038314176245210726,0,0.019157088122605363,0.02681992337164751,0.0038314176245210726,0.0019157088122605363,0,0.011494252873563218,0.007662835249042145
